Feature,MA_name,cid,hmdbID,direct_parent,super_class,class,sub_class,Class_groups,Joined_Class,Final_Class
1-Aminocyclopropanecarboxylate,1-Aminocyclopropanecarboxylic acid,535,HMDB0036458,Alpha amino acids,Organic acids and derivatives,Carboxylic acids and derivatives,"Amino acids, peptides, and analogues",Amino acids,Organic acids and derivatives_Amino acids,Organic acids_Amino acids
1-Methyladenosine,1-Methyladenosine,27476,HMDB0003331,Purine nucleosides,"Nucleosides, nucleotides, and analogues",Purine nucleosides,Other,Purine,"Nucleosides, nucleotides, and analogues_Purine",Nucleosides
10-HAD,10-hydroxy-2E-decenoic acid,5312738,HMDB0244269,Medium-chain hydroxy acids and derivatives,Organic acids and derivatives,Hydroxy acids and derivatives,Medium-chain hydroxy acids and derivatives,Hydroxy acids,Organic acids and derivatives_Hydroxy acids,Organic acids_Hydroxy and Keto acids
10-Hydroxydecanoic acid,10-hydroxy capric acid,74300,HMDB0244272,Medium-chain hydroxy acids and derivatives,Organic acids and derivatives,Hydroxy acids and derivatives,Medium-chain hydroxy acids and derivatives,Hydroxy acids,Organic acids and derivatives_Hydroxy acids,Organic acids_Hydroxy and Keto acids
"13Z,16Z-docosadienoic acid",Docosadienoate (22:2n6),5312554,HMDB0061714,Very long-chain fatty acids,Lipids and lipid-like molecules,Fatty Acyls,Fatty acids and conjugates,Fatty acids,Lipids and lipid-like molecules_Fatty acids,Lipids_Fatty acids
14-Methylhexadecanoic acid,(S)-14-Methylhexadecanoic acid,22207,HMDB0031067,Long-chain fatty acids,Lipids and lipid-like molecules,Fatty Acyls,Fatty acids and conjugates,Fatty acids,Lipids and lipid-like molecules_Fatty acids,Lipids_Fatty acids
2 Deoxy D Glucose,2-Deoxyglucose,108223,HMDB0062477,Fatty alcohols,Lipids and lipid-like molecules,Fatty Acyls,Fatty alcohols,Other,Lipids and lipid-like molecules_Other,Lipids_Other
2-Acetamido-2-Deoxy-Beta-D-Glucosylamine,N-Acetyl-b-glucosaminylamine,439454,HMDB0001104,Hexoses,Organic oxygen compounds,Organooxygen compounds,Carbohydrates and carbohydrate conjugates,Carbohydrates,Organic oxygen compounds_Carbohydrates,Organic oxygen compounds_Carbohydrates
2-Aminoisobutyrate,2-Aminoisobutyric acid,6119,HMDB0001906,Alpha amino acids,Organic acids and derivatives,Carboxylic acids and derivatives,"Amino acids, peptides, and analogues",Amino acids,Organic acids and derivatives_Amino acids,Organic acids_Amino acids
2-Aminophenol,2-Aminophenol,5801,NA,NA,Benzenoids,Other,Other,Other,Benzenoids_Other,Benzenoids
2-Deoxy-D-Glucose 6-phosphate,2-Deoxy-D-glucose 6-phosphate,440992,HMDB0245098,Hexose phosphates,Organic oxygen compounds,Organooxygen compounds,Carbohydrates and carbohydrate conjugates,Carbohydrates,Organic oxygen compounds_Carbohydrates,Organic oxygen compounds_Carbohydrates
2-Hydroxy-4-(Methylthio)Butyric Acid,(+/-)-2-Hydroxy-4-(methylthio)butanoic acid,NA,HMDB0037115,Thia fatty acids,Lipids and lipid-like molecules,Fatty Acyls,Fatty acids and conjugates,Fatty acids,Lipids and lipid-like molecules_Fatty acids,Lipids_Fatty acids
2-hydroxyglutarate,2-Hydroxyglutarate,43,HMDB0059655,Short-chain hydroxy acids and derivatives,Organic acids and derivatives,Hydroxy acids and derivatives,Short-chain hydroxy acids and derivatives,Hydroxy acids,Organic acids and derivatives_Hydroxy acids,Organic acids_Hydroxy and Keto acids
2-Hydroxyhexadecanoic acid,(R)-2-Hydroxyhexadecanoic acid,92836,HMDB0031057,Long-chain fatty acids,Lipids and lipid-like molecules,Fatty Acyls,Fatty acids and conjugates,Fatty acids,Lipids and lipid-like molecules_Fatty acids,Lipids_Fatty acids
2-Hydroxyisocaproic acid,Leucinic acid,92779,HMDB0000665,Hydroxy fatty acids,Lipids and lipid-like molecules,Fatty Acyls,Fatty acids and conjugates,Fatty acids,Lipids and lipid-like molecules_Fatty acids,Lipids_Fatty acids
2-Hydroxypyridine,2-Hydroxypyridine,8871,HMDB0013751,Pyridinones,Organoheterocyclic compounds,Pyridines and derivatives,Hydropyridines,Pyridines,Organoheterocyclic compounds_Pyridines,Organoheterocyclic compounds_Purine/Pyridines/Pyrimidines
2-Hydroxytetradecanoic acid,2-Hydroxymyristic acid,1563,HMDB0002261,Long-chain fatty acids,Lipids and lipid-like molecules,Fatty Acyls,Fatty acids and conjugates,Fatty acids,Lipids and lipid-like molecules_Fatty acids,Lipids_Fatty acids
2-Methylcitrate,2-Methylcitric acid,515,HMDB0000379,Tricarboxylic acids and derivatives,Organic acids and derivatives,Carboxylic acids and derivatives,Tricarboxylic acids and derivatives,Carboxylic acids,Organic acids and derivatives_Carboxylic acids,Organic acids and derivatives_Carboxylic acids
2-Methylmaleate,Citraconic acid,643798,HMDB0000634,Methyl-branched fatty acids,Lipids and lipid-like molecules,Fatty Acyls,Fatty acids and conjugates,Fatty acids,Lipids and lipid-like molecules_Fatty acids,Lipids_Fatty acids
2-Phosphoglycerate,2-Phosphoglyceric acid,59,HMDB0000362,Sugar acids and derivatives,Organic oxygen compounds,Organooxygen compounds,Carbohydrates and carbohydrate conjugates,Carbohydrates,Organic oxygen compounds_Carbohydrates,Organic oxygen compounds_Carbohydrates
"2,3-Dihydroxybenzoate",2-Pyrocatechuic acid,54675818,HMDB0000397,Salicylic acids,Benzenoids,Benzene and substituted derivatives,Benzoic acids and derivatives,Other,Benzenoids_Other,Benzenoids
"2,4-Dihydroxypteridine",Lumazine,10250,HMDB0254198,Pteridines and derivatives,Organoheterocyclic compounds,Pteridines and derivatives,Other,Other,Organoheterocyclic compounds_Other,Other
"2,6-Dihydroxypyridine","2,6-Dihydroxypyridine",69371,NA,NA,Organoheterocyclic compounds,Pyridines and derivatives,Other,Pyridines,Organoheterocyclic compounds_Pyridines,Organoheterocyclic compounds_Purine/Pyridines/Pyrimidines
2'-Deoxy-5'-Adenosine Monophosphate,Deoxyadenosine monophosphate,12599,HMDB0000905,Purine 2'-deoxyribonucleoside monophosphates,"Nucleosides, nucleotides, and analogues",Purine nucleotides,Purine deoxyribonucleotides,Purine,"Nucleosides, nucleotides, and analogues_Purine",Nucleosides
3 Hydroxybenzyl Alcohol,3-Hydroxybenzyl alcohol,102,HMDB0059712,Benzyl alcohols,Benzenoids,Benzene and substituted derivatives,Benzyl alcohols,Other,Benzenoids_Other,Benzenoids
3-(2-Hydroxyphenyl)Propanoate,3-(2-Hydroxyphenyl)propanoic acid,873,HMDB0033752,Phenylpropanoic acids,Phenylpropanoids and polyketides,Phenylpropanoic acids,Other,Other,Phenylpropanoids and polyketides_Other,Other
3-(4-Hydroxyphenyl)Pyruvate,4-Hydroxyphenylpyruvic acid,6971070,HMDB0000707,Phenylpyruvic acid derivatives,Benzenoids,Benzene and substituted derivatives,Phenylpyruvic acid derivatives,Other,Benzenoids_Other,Benzenoids
3-Amino-4-Hydroxybenzoate,3-Amino-4-hydroxybenzoate,65083,HMDB0304941,Hydroxybenzoic acid derivatives,Benzenoids,Benzene and substituted derivatives,Benzoic acids and derivatives,Other,Benzenoids_Other,Benzenoids
3-Amino-5-Hydroxybenzoate,3-Amino-5-hydroxybenzoate,127115,HMDB0304942,Hydroxybenzoic acid derivatives,Benzenoids,Benzene and substituted derivatives,Benzoic acids and derivatives,Other,Benzenoids_Other,Benzenoids
3-Dehydroshikimate,3-Dehydroshikimate,439774,HMDB0304122,Cyclohexenones,Organic oxygen compounds,Organooxygen compounds,Carbonyl compounds,Other,Organic oxygen compounds_Other,Other
3-Hydroxyanthranilate,3-Hydroxyanthranilic acid,86,HMDB0001476,Hydroxybenzoic acid derivatives,Benzenoids,Benzene and substituted derivatives,Benzoic acids and derivatives,Other,Benzenoids_Other,Benzenoids
3-Hydroxybenzaldehyde,3-Hydroxybenzaldehyde,101,NA,NA,Benzenoids,Other,Other,Other,Benzenoids_Other,Benzenoids
3-hydroxybutyric acid,3-Hydroxybutyric acid,441,HMDB0000011,Beta hydroxy acids and derivatives,Organic acids and derivatives,Hydroxy acids and derivatives,Beta hydroxy acids and derivatives,Hydroxy acids,Organic acids and derivatives_Hydroxy acids,Organic acids_Hydroxy and Keto acids
3-Hydroxykynurenine,Hydroxykynurenine,89,HMDB0000732,Alkyl-phenylketones,Organic oxygen compounds,Organooxygen compounds,Carbonyl compounds,Other,Organic oxygen compounds_Other,Other
3-Hydroxymethylglutarate,3-Hydroxymethylglutaric acid,1662,HMDB0000355,Hydroxy fatty acids,Lipids and lipid-like molecules,Fatty Acyls,Fatty acids and conjugates,Fatty acids,Lipids and lipid-like molecules_Fatty acids,Lipids_Fatty acids
3-Hydroxyoctanoic acid,3-Hydroxyoctanoic acid,26613,HMDB0001954,Medium-chain hydroxy acids and derivatives,Organic acids and derivatives,Hydroxy acids and derivatives,Medium-chain hydroxy acids and derivatives,Hydroxy acids,Organic acids and derivatives_Hydroxy acids,Organic acids_Hydroxy and Keto acids
3-Methoxy-4-Hydroxymandelate,Vanillylmandelic acid,1245,HMDB0000291,Methoxyphenols,Benzenoids,Phenols,Methoxyphenols,Other,Benzenoids_Other,Benzenoids
3-Methoxytyramine,3-Methoxytyramine,1669,HMDB0000022,Methoxyphenols,Benzenoids,Phenols,Methoxyphenols,Other,Benzenoids_Other,Benzenoids
3-Methoxytyrosine,3-Methoxytyrosine,1670,HMDB0001434,Tyrosine and derivatives,Organic acids and derivatives,Carboxylic acids and derivatives,"Amino acids, peptides, and analogues",Amino acids,Organic acids and derivatives_Amino acids,Organic acids_Amino acids
3-Methyl-2-Oxindole,3-Methyldioxyindole,150923,HMDB0004186,Indolines,Organoheterocyclic compounds,Indoles and derivatives,Indolines,Indoles,Organoheterocyclic compounds_Indoles,Organoheterocyclic compounds_Indoles
3-Methyl-2-Oxovalerate,3-Methyl-2-oxovaleric acid,4298878,HMDB0000491,Short-chain keto acids and derivatives,Organic acids and derivatives,Keto acids and derivatives,Short-chain keto acids and derivatives,Keto acids,Organic acids and derivatives_Keto acids,Organic acids_Hydroxy and Keto acids
3-Methyl-L-Histidine,3-Methylhistidine,64969,HMDB0000479,Histidine and derivatives,Organic acids and derivatives,Carboxylic acids and derivatives,"Amino acids, peptides, and analogues",Amino acids,Organic acids and derivatives_Amino acids,Organic acids_Amino acids
3-Methyladenine,3-Methyladenine,135398661,HMDB0011600,6-aminopurines,Organoheterocyclic compounds,Imidazopyrimidines,Purines and purine derivatives,Purine,Organoheterocyclic compounds_Purine,Organoheterocyclic compounds_Purine/Pyridines/Pyrimidines
3-Methylglutaconate,3-Methylglutaconic acid,1551552,HMDB0000522,Methyl-branched fatty acids,Lipids and lipid-like molecules,Fatty Acyls,Fatty acids and conjugates,Fatty acids,Lipids and lipid-like molecules_Fatty acids,Lipids_Fatty acids
3-Sulfinoalanine,3-Sulfinoalanine,1549098,HMDB0000996,L-alpha-amino acids,Organic acids and derivatives,Carboxylic acids and derivatives,"Amino acids, peptides, and analogues",Amino acids,Organic acids and derivatives_Amino acids,Organic acids_Amino acids
"3,4 Dihydroxymandelate",dihydroxymandelic acid,85782,HMDB0001866,Catechols,Benzenoids,Phenols,Benzenediols,Other,Benzenoids_Other,Benzenoids
"3,4-Dihydroxybenzoate",Protocatechuic acid,54675866,HMDB0001856,Hydroxybenzoic acid derivatives,Benzenoids,Benzene and substituted derivatives,Benzoic acids and derivatives,Other,Benzenoids_Other,Benzenoids
"3,4-Dihydroxyphenylglycol","3,4-Dihydroxyphenylglycol",91528,HMDB0000318,Catechols,Benzenoids,Phenols,Benzenediols,Other,Benzenoids_Other,Benzenoids
4-Acetamidobutanoate,4-Acetamidobutanoic acid,18189,HMDB0003681,Gamma amino acids and derivatives,Organic acids and derivatives,Carboxylic acids and derivatives,"Amino acids, peptides, and analogues",Amino acids,Organic acids and derivatives_Amino acids,Organic acids_Amino acids
4-Aminobenzoate,p-Aminobenzoic acid,978,HMDB0001392,Aminobenzoic acids,Benzenoids,Benzene and substituted derivatives,Benzoic acids and derivatives,Other,Benzenoids_Other,Benzenoids
4-Coumarate,4-Hydroxycinnamic acid,637542,HMDB0002035,Hydroxycinnamic acids,Phenylpropanoids and polyketides,Cinnamic acids and derivatives,Hydroxycinnamic acids and derivatives,Other,Phenylpropanoids and polyketides_Other,Other
4-Guanidinobutanoate,4-Guanidinobutanoic acid,500,HMDB0003464,Gamma amino acids and derivatives,Organic acids and derivatives,Carboxylic acids and derivatives,"Amino acids, peptides, and analogues",Amino acids,Organic acids and derivatives_Amino acids,Organic acids_Amino acids
4-Hydroxy-L-Phenylglycine,4-Hydroxyphenylglycine,36143,HMDB0244973,Alpha amino acids,Organic acids and derivatives,Carboxylic acids and derivatives,"Amino acids, peptides, and analogues",Amino acids,Organic acids and derivatives_Amino acids,Organic acids_Amino acids
4-Hydroxybenzaldehyde,4-Hydroxybenzaldehyde,126,HMDB0011718,Hydroxybenzaldehydes,Organic oxygen compounds,Organooxygen compounds,Carbonyl compounds,Other,Organic oxygen compounds_Other,Other
4-Hydroxybenzoate,4-Hydroxybenzoic acid,54675830,HMDB0000500,Hydroxybenzoic acid derivatives,Benzenoids,Benzene and substituted derivatives,Benzoic acids and derivatives,Other,Benzenoids_Other,Benzenoids
4-Imidazoleacetate,Imidazoleacetic acid,96215,HMDB0002024,Imidazolyl carboxylic acids and derivatives,Organoheterocyclic compounds,Azoles,Imidazoles,Other,Organoheterocyclic compounds_Other,Other
4-Pyridoxate,4-Pyridoxic acid,6723,HMDB0000017,Pyridinecarboxylic acids,Organoheterocyclic compounds,Pyridines and derivatives,Pyridinecarboxylic acids and derivatives,Pyridines,Organoheterocyclic compounds_Pyridines,Organoheterocyclic compounds_Purine/Pyridines/Pyrimidines
5-Aminolevulinic acid,5-Aminolevulinic acid,137,HMDB0001149,Delta amino acids and derivatives,Organic acids and derivatives,Carboxylic acids and derivatives,"Amino acids, peptides, and analogues",Amino acids,Organic acids and derivatives_Amino acids,Organic acids_Amino acids
5-Aminopentanoate,5-Aminopentanoic acid,138,HMDB0003355,Delta amino acids and derivatives,Organic acids and derivatives,Carboxylic acids and derivatives,"Amino acids, peptides, and analogues",Amino acids,Organic acids and derivatives_Amino acids,Organic acids_Amino acids
5-Hydroxylysine,procollagen 5-hydroxy-L-lysine,3032849,HMDB0000450,L-alpha-amino acids,Organic acids and derivatives,Carboxylic acids and derivatives,"Amino acids, peptides, and analogues",Amino acids,Organic acids and derivatives_Amino acids,Organic acids_Amino acids
5-Hydroxymethyluracil,5-Hydroxymethyluracil,78168,HMDB0000469,Pyrimidones,Organoheterocyclic compounds,Diazines,Pyrimidines and pyrimidine derivatives,Pyrimidines,Organoheterocyclic compounds_Pyrimidines,Organoheterocyclic compounds_Purine/Pyridines/Pyrimidines
5-Methylcytosine,5-Methylcytosine,65040,HMDB0002894,Hydroxypyrimidines,Organoheterocyclic compounds,Diazines,Pyrimidines and pyrimidine derivatives,Pyrimidines,Organoheterocyclic compounds_Pyrimidines,Organoheterocyclic compounds_Purine/Pyridines/Pyrimidines
5-Valerolactone,delta-Valerolactone,10953,HMDB0250981,Delta valerolactones,Organoheterocyclic compounds,Lactones,Delta valerolactones,Other,Organoheterocyclic compounds_Other,Other
"5,6 Dimethylbenzimidazole",Dimethylbenzimidazole,675,HMDB0003701,Benzimidazoles,Organoheterocyclic compounds,Benzimidazoles,Other,Other,Organoheterocyclic compounds_Other,Other
5-Deoxyadenosine,5'-Deoxyadenosine,439182,HMDB0001983,5'-deoxyribonucleosides,"Nucleosides, nucleotides, and analogues",5'-deoxyribonucleosides,Other,Other,"Nucleosides, nucleotides, and analogues_Other",Nucleosides
"5(Z),8(Z),11(Z)-Eicosatrienoic Acid","5,8,11-Eicosatrienoic acid",5312531,HMDB0010378,Long-chain fatty acids,Lipids and lipid-like molecules,Fatty Acyls,Fatty acids and conjugates,Fatty acids,Lipids and lipid-like molecules_Fatty acids,Lipids_Fatty acids
6-Carboxyhexanoate,Pimelic acid,385,HMDB0000857,Medium-chain fatty acids,Lipids and lipid-like molecules,Fatty Acyls,Fatty acids and conjugates,Fatty acids,Lipids and lipid-like molecules_Fatty acids,Lipids_Fatty acids
6-Hydroxynicotinate,6-Hydroxynicotinic acid,72924,HMDB0002658,Pyridinecarboxylic acids,Organoheterocyclic compounds,Pyridines and derivatives,Pyridinecarboxylic acids and derivatives,Pyridines,Organoheterocyclic compounds_Pyridines,Organoheterocyclic compounds_Purine/Pyridines/Pyrimidines
9-Decenoic acid,9-Decenoic acid,61743,HMDB0031003,Medium-chain fatty acids,Lipids and lipid-like molecules,Fatty Acyls,Fatty acids and conjugates,Fatty acids,Lipids and lipid-like molecules_Fatty acids,Lipids_Fatty acids
Acetaminophen,Acetaminophen,1983,HMDB0001859,1-hydroxy-2-unsubstituted benzenoids,Benzenoids,Phenols,1-hydroxy-2-unsubstituted benzenoids,Other,Benzenoids_Other,Benzenoids
Acetoacetate,Acetoacetic acid,6971017,HMDB0000060,Short-chain keto acids and derivatives,Organic acids and derivatives,Keto acids and derivatives,Short-chain keto acids and derivatives,Keto acids,Organic acids and derivatives_Keto acids,Organic acids_Hydroxy and Keto acids
acetyl-carnitine,L-Acetylcarnitine,7045767,HMDB0000201,Acyl carnitines,Lipids and lipid-like molecules,Fatty Acyls,Fatty acid esters,Other,Lipids and lipid-like molecules_Other,Lipids_Other
acetyl-lysine,N-Alpha-acetyllysine,192590,HMDB0000446,N-acyl-alpha amino acids,Organic acids and derivatives,Carboxylic acids and derivatives,"Amino acids, peptides, and analogues",Amino acids,Organic acids and derivatives_Amino acids,Organic acids_Amino acids
Acetylcholine,Acetylcholine chloride,187,HMDB0000895,Acyl cholines,Organic nitrogen compounds,Organonitrogen compounds,Quaternary ammonium salts,Other,Organic nitrogen compounds_Other,Organic nitrogen compounds
Acetylcysteine,Acetylcysteine,12035,HMDB0001890,N-acyl-L-alpha-amino acids,Organic acids and derivatives,Carboxylic acids and derivatives,"Amino acids, peptides, and analogues",Amino acids,Organic acids and derivatives_Amino acids,Organic acids_Amino acids
Adenine,Adenine,190,HMDB0000034,6-aminopurines,Organoheterocyclic compounds,Imidazopyrimidines,Purines and purine derivatives,Purine,Organoheterocyclic compounds_Purine,Organoheterocyclic compounds_Purine/Pyridines/Pyrimidines
Adenosine,Adenosine,60961,HMDB0000050,Purine nucleosides,"Nucleosides, nucleotides, and analogues",Purine nucleosides,Other,Purine,"Nucleosides, nucleotides, and analogues_Purine",Nucleosides
Adenosine Diphosphate Ribose,Adenosine diphosphate ribose,192,HMDB0001178,Purine nucleotide sugars,"Nucleosides, nucleotides, and analogues",Purine nucleotides,Purine nucleotide sugars,Purine,"Nucleosides, nucleotides, and analogues_Purine",Nucleosides
Adipate,Adipic acid,200164,HMDB0000448,Medium-chain fatty acids,Lipids and lipid-like molecules,Fatty Acyls,Fatty acids and conjugates,Fatty acids,Lipids and lipid-like molecules_Fatty acids,Lipids_Fatty acids
ADP,ADP,6022,HMDB0001341,Purine ribonucleoside diphosphates,"Nucleosides, nucleotides, and analogues",Purine nucleotides,Purine ribonucleotides,Purine,"Nucleosides, nucleotides, and analogues_Purine",Nucleosides
Alanine,L-Alanine,5950,HMDB0000161,Alanine and derivatives,Organic acids and derivatives,Carboxylic acids and derivatives,"Amino acids, peptides, and analogues",Amino acids,Organic acids and derivatives_Amino acids,Organic acids_Amino acids
Aleuritic acid,Aleuritic acid,10790,NA,NA,Lipids and lipid-like molecules,Other,Fatty acids and conjugates,Fatty acids,Lipids and lipid-like molecules_Fatty acids,Lipids_Fatty acids
"all-cis-4,7,10,13,16-Docosapentaenoic acid",Docosapentaenoic acid (22n-6),6441454,HMDB0001976,Very long-chain fatty acids,Lipids and lipid-like molecules,Fatty Acyls,Fatty acids and conjugates,Fatty acids,Lipids and lipid-like molecules_Fatty acids,Lipids_Fatty acids
Allothreonine,L-Allothreonine,99289,HMDB0004041,L-alpha-amino acids,Organic acids and derivatives,Carboxylic acids and derivatives,"Amino acids, peptides, and analogues",Amino acids,Organic acids and derivatives_Amino acids,Organic acids_Amino acids
Alpha-Tocopherol,Alpha-Tocopherol,14985,HMDB0001893,Tocopherols,Lipids and lipid-like molecules,Prenol lipids,Quinone and hydroquinone lipids,Other,Lipids and lipid-like molecules_Other,Lipids_Other
aminoadipate,Aminoadipic acid,92136,HMDB0000510,L-alpha-amino acids,Organic acids and derivatives,Carboxylic acids and derivatives,"Amino acids, peptides, and analogues",Amino acids,Organic acids and derivatives_Amino acids,Organic acids_Amino acids
AMP,Adenosine monophosphate,6083,HMDB0000045,Purine ribonucleoside monophosphates,"Nucleosides, nucleotides, and analogues",Purine nucleotides,Purine ribonucleotides,Purine,"Nucleosides, nucleotides, and analogues_Purine",Nucleosides
Aniline-2-Sulfonate,2-Aminobenzenesulfonic acid,6926,HMDB0304940,Benzenesulfonic acids and derivatives,Benzenoids,Benzene and substituted derivatives,Benzenesulfonic acids and derivatives,Other,Benzenoids_Other,Benzenoids
Anserine,Anserine,112072,HMDB0000194,Hybrid peptides,Organic acids and derivatives,Peptidomimetics,Hybrid peptides,Other,Organic acids and derivatives_Other,Other
Arachidic acid,Arachidic acid,10467,HMDB0002212,Long-chain fatty acids,Lipids and lipid-like molecules,Fatty Acyls,Fatty acids and conjugates,Fatty acids,Lipids and lipid-like molecules_Fatty acids,Lipids_Fatty acids
Arachidonic acid,Arachidonic acid,444899,HMDB0001043,Long-chain fatty acids,Lipids and lipid-like molecules,Fatty Acyls,Fatty acids and conjugates,Fatty acids,Lipids and lipid-like molecules_Fatty acids,Lipids_Fatty acids
Arginine,L-Arginine,6322,HMDB0000517,L-alpha-amino acids,Organic acids and derivatives,Carboxylic acids and derivatives,"Amino acids, peptides, and analogues",Amino acids,Organic acids and derivatives_Amino acids,Organic acids_Amino acids
Argininosuccinate,Argininosuccinic acid,16950,HMDB0000052,Aspartic acid and derivatives,Organic acids and derivatives,Carboxylic acids and derivatives,"Amino acids, peptides, and analogues",Amino acids,Organic acids and derivatives_Amino acids,Organic acids_Amino acids
Ascorbic acid,Ascorbic acid,54670067,HMDB0000044,Butenolides,Organoheterocyclic compounds,Dihydrofurans,Furanones,Other,Organoheterocyclic compounds_Other,Other
Asparagine,L-Asparagine,6267,HMDB0000168,Asparagine and derivatives,Organic acids and derivatives,Carboxylic acids and derivatives,"Amino acids, peptides, and analogues",Amino acids,Organic acids and derivatives_Amino acids,Organic acids_Amino acids
Aspartate,L-Aspartic acid,5960,HMDB0000191,Aspartic acid and derivatives,Organic acids and derivatives,Carboxylic acids and derivatives,"Amino acids, peptides, and analogues",Amino acids,Organic acids and derivatives_Amino acids,Organic acids_Amino acids
Azelate,Azelaic acid,2266,HMDB0000784,Medium-chain fatty acids,Lipids and lipid-like molecules,Fatty Acyls,Fatty acids and conjugates,Fatty acids,Lipids and lipid-like molecules_Fatty acids,Lipids_Fatty acids
Behenic acid,Behenic acid,8215,HMDB0000944,Very long-chain fatty acids,Lipids and lipid-like molecules,Fatty Acyls,Fatty acids and conjugates,Fatty acids,Lipids and lipid-like molecules_Fatty acids,Lipids_Fatty acids
Benzaldehyde,Benzaldehyde,240,HMDB0006115,Benzoyl derivatives,Benzenoids,Benzene and substituted derivatives,Benzoyl derivatives,Other,Benzenoids_Other,Benzenoids
Benzyl Alcohol,Benzyl alcohol,244,HMDB0003119,Benzyl alcohols,Benzenoids,Benzene and substituted derivatives,Benzyl alcohols,Other,Benzenoids_Other,Benzenoids
Benzylamine,Benzylamine,7504,HMDB0033871,Phenylmethylamines,Benzenoids,Benzene and substituted derivatives,Phenylmethylamines,Other,Benzenoids_Other,Benzenoids
Beta-Alanine,Beta-Alanine,239,HMDB0000056,Beta amino acids and derivatives,Organic acids and derivatives,Carboxylic acids and derivatives,"Amino acids, peptides, and analogues",Amino acids,Organic acids and derivatives_Amino acids,Organic acids_Amino acids
Beta-hydroxyvaleric Acid,3-Hydroxyvaleric acid,107802,HMDB0000531,Hydroxy fatty acids,Lipids and lipid-like molecules,Fatty Acyls,Fatty acids and conjugates,Fatty acids,Lipids and lipid-like molecules_Fatty acids,Lipids_Fatty acids
Betaine,Betaine,247,HMDB0000043,Alpha amino acids,Organic acids and derivatives,Carboxylic acids and derivatives,"Amino acids, peptides, and analogues",Amino acids,Organic acids and derivatives_Amino acids,Organic acids_Amino acids
Bilirubin,Bilirubin,5280352,HMDB0000054,Bilirubins,Organoheterocyclic compounds,Tetrapyrroles and derivatives,Bilirubins,Other,Organoheterocyclic compounds_Other,Other
Biliverdin,Biliverdin,5280353,HMDB0001008,Bilirubins,Organoheterocyclic compounds,Tetrapyrroles and derivatives,Bilirubins,Other,Organoheterocyclic compounds_Other,Other
Biotin,Biotin,171548,HMDB0000030,Biotin and derivatives,Organoheterocyclic compounds,Biotin and derivatives,Other,Other,Organoheterocyclic compounds_Other,Other
Bis(2-Ethylhexyl)Phthalate,Bis(2-ethylhexyl)phthalate,8343,HMDB0249243,Benzoic acid esters,Benzenoids,Benzene and substituted derivatives,Benzoic acids and derivatives,Other,Benzenoids_Other,Benzenoids
Buthionine-sulfoximine,NA,119565,NA,NA,Other,Other,Other,Other,Other_Other,Other
Butyric acid,Butyric acid,264,HMDB0000039,Straight chain fatty acids,Lipids and lipid-like molecules,Fatty Acyls,Fatty acids and conjugates,Fatty acids,Lipids and lipid-like molecules_Fatty acids,Lipids_Fatty acids
Butyryl-carnitine,Butyrylcarnitine,439829,HMDB0002013,Acyl carnitines,Lipids and lipid-like molecules,Fatty Acyls,Fatty acid esters,Other,Lipids and lipid-like molecules_Other,Lipids_Other
Caffeate,Caffeate,689043,HMDB0001964,Hydroxycinnamic acids,Phenylpropanoids and polyketides,Cinnamic acids and derivatives,Hydroxycinnamic acids and derivatives,Other,Phenylpropanoids and polyketides_Other,Other
Caffeine,Caffeine,2519,HMDB0001847,Xanthines,Organoheterocyclic compounds,Imidazopyrimidines,Purines and purine derivatives,Purine,Organoheterocyclic compounds_Purine,Organoheterocyclic compounds_Purine/Pyridines/Pyrimidines
Carnitine,L-Carnitine,288,HMDB0000062,Carnitines,Organic nitrogen compounds,Organonitrogen compounds,Quaternary ammonium salts,Other,Organic nitrogen compounds_Other,Organic nitrogen compounds
Carnosine,Carnosine,439224,HMDB0000033,Hybrid peptides,Organic acids and derivatives,Peptidomimetics,Hybrid peptides,Other,Organic acids and derivatives_Other,Other
CDP,CDP,6132,HMDB0001546,Pyrimidine ribonucleoside diphosphates,"Nucleosides, nucleotides, and analogues",Pyrimidine nucleotides,Pyrimidine ribonucleotides,Other,"Nucleosides, nucleotides, and analogues_Other",Nucleosides
Cholate,Cholic acid,221493,HMDB0000619,"Trihydroxy bile acids, alcohols and derivatives",Lipids and lipid-like molecules,Steroids and steroid derivatives,"Bile acids, alcohols and derivatives",Bile acids,Lipids and lipid-like molecules_Bile acids,Lipids_Bile acids
Choline,Choline,305,HMDB0000097,Cholines,Organic nitrogen compounds,Organonitrogen compounds,Quaternary ammonium salts,Other,Organic nitrogen compounds_Other,Organic nitrogen compounds
Cinnamate,Cinnamic acid,5957728,HMDB0000567,Cinnamic acids,Phenylpropanoids and polyketides,Cinnamic acids and derivatives,Cinnamic acids,Other,Phenylpropanoids and polyketides_Other,Other
cis-10-Nonadecenoic acid,Nonadeca-10(Z)-enoic acid,5312513,HMDB0013622,Long-chain fatty acids,Lipids and lipid-like molecules,Fatty Acyls,Fatty acids and conjugates,Fatty acids,Lipids and lipid-like molecules_Fatty acids,Lipids_Fatty acids
cis-11-Eicosenoic acid,Eicosenoic acid,5282768,HMDB0002231,Long-chain fatty acids,Lipids and lipid-like molecules,Fatty Acyls,Fatty acids and conjugates,Fatty acids,Lipids and lipid-like molecules_Fatty acids,Lipids_Fatty acids
Cis-4-Hydroxy-D-Proline,cis-4-Hydroxy-D-proline,440014,HMDB0060460,Proline and derivatives,Organic acids and derivatives,Carboxylic acids and derivatives,"Amino acids, peptides, and analogues",Amino acids,Organic acids and derivatives_Amino acids,Organic acids_Amino acids
cis-5-Dodecenoic acid,5-Dodecenoic acid,5312378,HMDB0000529,Medium-chain fatty acids,Lipids and lipid-like molecules,Fatty Acyls,Fatty acids and conjugates,Fatty acids,Lipids and lipid-like molecules_Fatty acids,Lipids_Fatty acids
"cis-7,10,13,16-Docosatetraenoic acid",Adrenic acid,5497181,HMDB0002226,Very long-chain fatty acids,Lipids and lipid-like molecules,Fatty Acyls,Fatty acids and conjugates,Fatty acids,Lipids and lipid-like molecules_Fatty acids,Lipids_Fatty acids
cis-aconitate,cis-Aconitic acid,643757,HMDB0000072,Tricarboxylic acids and derivatives,Organic acids and derivatives,Carboxylic acids and derivatives,Tricarboxylic acids and derivatives,Carboxylic acids,Organic acids and derivatives_Carboxylic acids,Organic acids and derivatives_Carboxylic acids
Citramalate,Citramalic acid,1081,HMDB0000426,Hydroxy fatty acids,Lipids and lipid-like molecules,Fatty Acyls,Fatty acids and conjugates,Fatty acids,Lipids and lipid-like molecules_Fatty acids,Lipids_Fatty acids
Citrate,Citric acid,31348,HMDB0000094,Tricarboxylic acids and derivatives,Organic acids and derivatives,Carboxylic acids and derivatives,Tricarboxylic acids and derivatives,Carboxylic acids,Organic acids and derivatives_Carboxylic acids,Organic acids and derivatives_Carboxylic acids
Citrulline,Citrulline,9750,HMDB0000904,L-alpha-amino acids,Organic acids and derivatives,Carboxylic acids and derivatives,"Amino acids, peptides, and analogues",Amino acids,Organic acids and derivatives_Amino acids,Organic acids_Amino acids
CMP,Cytidine monophosphate,6131,HMDB0000095,Pyrimidine ribonucleoside monophosphates,"Nucleosides, nucleotides, and analogues",Pyrimidine nucleotides,Pyrimidine ribonucleotides,Other,"Nucleosides, nucleotides, and analogues_Other",Nucleosides
Cortexolone,Cortexolone,440707,HMDB0000015,21-hydroxysteroids,Lipids and lipid-like molecules,Steroids and steroid derivatives,Hydroxysteroids,Other,Lipids and lipid-like molecules_Other,Lipids_Other
Cortisone,Cortisone,222786,HMDB0002802,21-hydroxysteroids,Lipids and lipid-like molecules,Steroids and steroid derivatives,Hydroxysteroids,Other,Lipids and lipid-like molecules_Other,Lipids_Other
Creatine,Creatine,586,HMDB0000064,Alpha amino acids and derivatives,Organic acids and derivatives,Carboxylic acids and derivatives,"Amino acids, peptides, and analogues",Amino acids,Organic acids and derivatives_Amino acids,Organic acids_Amino acids
Creatinine,Creatinine,588,HMDB0000562,Alpha amino acids and derivatives,Organic acids and derivatives,Carboxylic acids and derivatives,"Amino acids, peptides, and analogues",Amino acids,Organic acids and derivatives_Amino acids,Organic acids_Amino acids
Crotonic acid,But-2-enoic acid,637090,HMDB0010720,Straight chain fatty acids,Lipids and lipid-like molecules,Fatty Acyls,Fatty acids and conjugates,Fatty acids,Lipids and lipid-like molecules_Fatty acids,Lipids_Fatty acids
Cys-Gly,Cysteinylglycine,439498,HMDB0000078,Dipeptides,Organic acids and derivatives,Carboxylic acids and derivatives,"Amino acids, peptides, and analogues",Amino acids,Organic acids and derivatives_Amino acids,Organic acids_Amino acids
Cystathionine,L-Cystathionine,834,HMDB0000099,L-cysteine-S-conjugates,Organic acids and derivatives,Carboxylic acids and derivatives,"Amino acids, peptides, and analogues",Amino acids,Organic acids and derivatives_Amino acids,Organic acids_Amino acids
Cysteate,Cysteic acid,25701,HMDB0002757,Alpha amino acids,Organic acids and derivatives,Carboxylic acids and derivatives,"Amino acids, peptides, and analogues",Amino acids,Organic acids and derivatives_Amino acids,Organic acids_Amino acids
Cysteine,L-Cysteine,5862,HMDB0000574,Cysteine and derivatives,Organic acids and derivatives,Carboxylic acids and derivatives,"Amino acids, peptides, and analogues",Amino acids,Organic acids and derivatives_Amino acids,Organic acids_Amino acids
Cystine,L-Cystine,595,HMDB0000192,L-cysteine-S-conjugates,Organic acids and derivatives,Carboxylic acids and derivatives,"Amino acids, peptides, and analogues",Amino acids,Organic acids and derivatives_Amino acids,Organic acids_Amino acids
Cytidine,Cytidine,6175,HMDB0000089,Pyrimidine nucleosides,"Nucleosides, nucleotides, and analogues",Pyrimidine nucleosides,Other,Other,"Nucleosides, nucleotides, and analogues_Other",Nucleosides
Cytosine,Cytosine,597,HMDB0000630,Pyrimidones,Organoheterocyclic compounds,Diazines,Pyrimidines and pyrimidine derivatives,Pyrimidines,Organoheterocyclic compounds_Pyrimidines,Organoheterocyclic compounds_Purine/Pyridines/Pyrimidines
D-Mannosamine,2-Amino-2-deoxy-D-mannose,440049,NA,NA,Other,Other,Other,Other,Other_Other,Other
D-Pinitol,D-Pinitol,164619,HMDB0034219,Cyclohexanols,Organic oxygen compounds,Organooxygen compounds,Alcohols and polyols,Other,Organic oxygen compounds_Other,Other
D-Sedoheptulose,Glucoheptulose,5459879,HMDB0003219,C-glycosyl compounds,Organic oxygen compounds,Organooxygen compounds,Carbohydrates and carbohydrate conjugates,Carbohydrates,Organic oxygen compounds_Carbohydrates,Organic oxygen compounds_Carbohydrates
Decanoic acid,Capric acid,2969,HMDB0000511,Medium-chain fatty acids,Lipids and lipid-like molecules,Fatty Acyls,Fatty acids and conjugates,Fatty acids,Lipids and lipid-like molecules_Fatty acids,Lipids_Fatty acids
Dehydroascorbate,L-Dehydroascorbic acid,440667,HMDB0001264,Gamma butyrolactones,Organoheterocyclic compounds,Lactones,Gamma butyrolactones,Other,Organoheterocyclic compounds_Other,Other
Deoxycarnitine,4-Trimethylammoniobutanoic acid,725,HMDB0001161,Straight chain fatty acids,Lipids and lipid-like molecules,Fatty Acyls,Fatty acids and conjugates,Fatty acids,Lipids and lipid-like molecules_Fatty acids,Lipids_Fatty acids
Deoxycholate,Deoxycholic acid,222528,HMDB0000626,"Dihydroxy bile acids, alcohols and derivatives",Lipids and lipid-like molecules,Steroids and steroid derivatives,"Bile acids, alcohols and derivatives",Bile acids,Lipids and lipid-like molecules_Bile acids,Lipids_Bile acids
Deoxycytidine,Deoxycytidine,13711,HMDB0000014,Pyrimidine 2'-deoxyribonucleosides,"Nucleosides, nucleotides, and analogues",Pyrimidine nucleosides,Pyrimidine 2'-deoxyribonucleosides,Other,"Nucleosides, nucleotides, and analogues_Other",Nucleosides
Deoxycytidine Monophosphate,dCMP,13945,HMDB0001202,Pyrimidine 2'-deoxyribonucleoside monophosphates,"Nucleosides, nucleotides, and analogues",Pyrimidine nucleotides,Pyrimidine deoxyribonucleotides,Other,"Nucleosides, nucleotides, and analogues_Other",Nucleosides
Deoxyguanosine,Deoxyguanosine,135398592,HMDB0000085,Purine 2'-deoxyribonucleosides,"Nucleosides, nucleotides, and analogues",Purine nucleosides,Purine 2'-deoxyribonucleosides,Purine,"Nucleosides, nucleotides, and analogues_Purine",Nucleosides
Deoxyguanosine monophosphate,2'-Deoxyguanosine 5'-monophosphate,135398597,HMDB0001044,Purine 2'-deoxyribonucleoside monophosphates,"Nucleosides, nucleotides, and analogues",Purine nucleotides,Purine deoxyribonucleotides,Purine,"Nucleosides, nucleotides, and analogues_Purine",Nucleosides
Deoxyribose,Deoxyribose,5460005,HMDB0003224,Pentoses,Organic oxygen compounds,Organooxygen compounds,Carbohydrates and carbohydrate conjugates,Carbohydrates,Organic oxygen compounds_Carbohydrates,Organic oxygen compounds_Carbohydrates
Deoxyuridine,Deoxyuridine,13712,HMDB0000012,Pyrimidine 2'-deoxyribonucleosides,"Nucleosides, nucleotides, and analogues",Pyrimidine nucleosides,Pyrimidine 2'-deoxyribonucleosides,Other,"Nucleosides, nucleotides, and analogues_Other",Nucleosides
Dethiobiotin,Dethiobiotin,445027,HMDB0003581,Medium-chain fatty acids,Lipids and lipid-like molecules,Fatty Acyls,Fatty acids and conjugates,Fatty acids,Lipids and lipid-like molecules_Fatty acids,Lipids_Fatty acids
DHAP,Dihydroxyacetone phosphate,668,HMDB0001473,Monosaccharide phosphates,Organic oxygen compounds,Organooxygen compounds,Carbohydrates and carbohydrate conjugates,Carbohydrates,Organic oxygen compounds_Carbohydrates,Organic oxygen compounds_Carbohydrates
Diaminopimelate,Diaminopimelic acid,5460662,HMDB0001370,L-alpha-amino acids,Organic acids and derivatives,Carboxylic acids and derivatives,"Amino acids, peptides, and analogues",Amino acids,Organic acids and derivatives_Amino acids,Organic acids_Amino acids
Didecanoyl-Glycerophosphocholine,PC(10:0/10:0),16219892,HMDB0244070,Phosphatidylcholines,Lipids and lipid-like molecules,Glycerophospholipids,Glycerophosphocholines,Other,Lipids and lipid-like molecules_Other,Lipids_Other
Diethanolamine,Diethanolamine,8113,HMDB0004437,"1,2-aminoalcohols",Organic nitrogen compounds,Organonitrogen compounds,Amines,Other,Organic nitrogen compounds_Other,Organic nitrogen compounds
Diethyl 2-Methyl-3-Oxosuccinate,Diethyl oxalpropionate,97750,HMDB0032306,Beta-keto acids and derivatives,Organic acids and derivatives,Keto acids and derivatives,Beta-keto acids and derivatives,Keto acids,Organic acids and derivatives_Keto acids,Organic acids_Hydroxy and Keto acids
Dihydrobiopterin,Dihydrobiopterin,135398687,HMDB0000038,Biopterins and derivatives,Organoheterocyclic compounds,Pteridines and derivatives,Pterins and derivatives,Other,Organoheterocyclic compounds_Other,Other
Dihydroorotate,"4,5-Dihydroorotic acid",5461056,HMDB0000528,Alpha amino acids and derivatives,Organic acids and derivatives,Carboxylic acids and derivatives,"Amino acids, peptides, and analogues",Amino acids,Organic acids and derivatives_Amino acids,Organic acids_Amino acids
Dihydrouracil,Dihydrouracil,649,HMDB0000076,Pyrimidones,Organoheterocyclic compounds,Diazines,Pyrimidines and pyrimidine derivatives,Pyrimidines,Organoheterocyclic compounds_Pyrimidines,Organoheterocyclic compounds_Purine/Pyridines/Pyrimidines
Dimethylarginine,Dimethylarginine/symmetric dimethyl-L-arginine,10176589,HMDB0251395,Alpha amino acids,Organic acids and derivatives,Carboxylic acids and derivatives,"Amino acids, peptides, and analogues",Amino acids,Organic acids and derivatives_Amino acids,Organic acids_Amino acids
Dimethylglycine,Dimethylglycine,673,HMDB0000092,Alpha amino acids,Organic acids and derivatives,Carboxylic acids and derivatives,"Amino acids, peptides, and analogues",Amino acids,Organic acids and derivatives_Amino acids,Organic acids_Amino acids
Dipalmitoyl-Phosphoethanolamine,PE(16:0/16:0),65109,HMDB0008923,Phosphatidylethanolamines,Lipids and lipid-like molecules,Glycerophospholipids,Glycerophosphoethanolamines,Other,Lipids and lipid-like molecules_Other,Lipids_Other
Docosahexaenoic acid,Docosahexaenoic acid,445580,HMDB0002183,Very long-chain fatty acids,Lipids and lipid-like molecules,Fatty Acyls,Fatty acids and conjugates,Fatty acids,Lipids and lipid-like molecules_Fatty acids,Lipids_Fatty acids
Docosatrienoic Acid,Docosatrienoic acid,5312557,HMDB0002823,Very long-chain fatty acids,Lipids and lipid-like molecules,Fatty Acyls,Fatty acids and conjugates,Fatty acids,Lipids and lipid-like molecules_Fatty acids,Lipids_Fatty acids
Dodecanoic acid,Dodecanoic acid,3893,HMDB0000638,Medium-chain fatty acids,Lipids and lipid-like molecules,Fatty Acyls,Fatty acids and conjugates,Fatty acids,Lipids and lipid-like molecules_Fatty acids,Lipids_Fatty acids
Dopamine,Dopamine,681,HMDB0000073,Catecholamines and derivatives,Benzenoids,Phenols,Benzenediols,Other,Benzenoids_Other,Benzenoids
Eicosapentaenoic acid,Eicosapentaenoic acid,446284,HMDB0001999,Long-chain fatty acids,Lipids and lipid-like molecules,Fatty Acyls,Fatty acids and conjugates,Fatty acids,Lipids and lipid-like molecules_Fatty acids,Lipids_Fatty acids
Epinephrine,Epinephrine,5816,HMDB0000068,Catechols,Benzenoids,Phenols,Benzenediols,Other,Benzenoids_Other,Benzenoids
Erucic acid,Erucic acid,5281116,HMDB0002068,Very long-chain fatty acids,Lipids and lipid-like molecules,Fatty Acyls,Fatty acids and conjugates,Fatty acids,Lipids and lipid-like molecules_Fatty acids,Lipids_Fatty acids
Farnesyl pyrophosphate,Farnesyl pyrophosphate,445713,HMDB0000961,Sesquiterpenoids,Lipids and lipid-like molecules,Prenol lipids,Sesquiterpenoids,Other,Lipids and lipid-like molecules_Other,Lipids_Other
Ferulate,trans-Ferulic acid,445858,HMDB0000954,Hydroxycinnamic acids,Phenylpropanoids and polyketides,Cinnamic acids and derivatives,Hydroxycinnamic acids and derivatives,Other,Phenylpropanoids and polyketides_Other,Other
Fructose,D-Fructose,2723872,HMDB0000660,C-glycosyl compounds,Organic oxygen compounds,Organooxygen compounds,Carbohydrates and carbohydrate conjugates,Carbohydrates,Organic oxygen compounds_Carbohydrates,Organic oxygen compounds_Carbohydrates
Fructose-6-phosphate,Fructose 6-phosphate,69507,HMDB0000124,Hexose phosphates,Organic oxygen compounds,Organooxygen compounds,Carbohydrates and carbohydrate conjugates,Carbohydrates,Organic oxygen compounds_Carbohydrates,Organic oxygen compounds_Carbohydrates
Fumarate,Fumaric acid,5460307,HMDB0000134,Dicarboxylic acids and derivatives,Organic acids and derivatives,Carboxylic acids and derivatives,Dicarboxylic acids and derivatives,Carboxylic acids,Organic acids and derivatives_Carboxylic acids,Organic acids and derivatives_Carboxylic acids
GABA,Gamma-Aminobutyric acid,119,HMDB0000112,Gamma amino acids and derivatives,Organic acids and derivatives,Carboxylic acids and derivatives,"Amino acids, peptides, and analogues",Amino acids,Organic acids and derivatives_Amino acids,Organic acids_Amino acids
Galactarate,Galactaric acid,3037582,HMDB0000639,Glucuronic acid derivatives,Organic oxygen compounds,Organooxygen compounds,Carbohydrates and carbohydrate conjugates,Carbohydrates,Organic oxygen compounds_Carbohydrates,Organic oxygen compounds_Carbohydrates
Galactosamine,Galactosamine,24154,HMDB0245095,Hexoses,Organic oxygen compounds,Organooxygen compounds,Carbohydrates and carbohydrate conjugates,Carbohydrates,Organic oxygen compounds_Carbohydrates,Organic oxygen compounds_Carbohydrates
Galactose 1-Phosphate,Galactose 1-phosphate,123912,HMDB0000645,Monosaccharide phosphates,Organic oxygen compounds,Organooxygen compounds,Carbohydrates and carbohydrate conjugates,Carbohydrates,Organic oxygen compounds_Carbohydrates,Organic oxygen compounds_Carbohydrates
Galacturonate,Galacturonic acid,445929,HMDB0002545,Glucuronic acid derivatives,Organic oxygen compounds,Organooxygen compounds,Carbohydrates and carbohydrate conjugates,Carbohydrates,Organic oxygen compounds_Carbohydrates,Organic oxygen compounds_Carbohydrates
Gemcitabine,Gemcitabine,60750,HMDB0014584,Pyrimidine 2'-deoxyribonucleosides,"Nucleosides, nucleotides, and analogues",Pyrimidine nucleosides,Pyrimidine 2'-deoxyribonucleosides,Other,"Nucleosides, nucleotides, and analogues_Other",Nucleosides
Glucosaminate,2-Amino-2-deoxy-D-gluconate,73563,HMDB0250755,Alpha amino acids,Organic acids and derivatives,Carboxylic acids and derivatives,"Amino acids, peptides, and analogues",Amino acids,Organic acids and derivatives_Amino acids,Organic acids_Amino acids
Glucosamine,Glucosamine,439213,HMDB0001514,Hexoses,Organic oxygen compounds,Organooxygen compounds,Carbohydrates and carbohydrate conjugates,Carbohydrates,Organic oxygen compounds_Carbohydrates,Organic oxygen compounds_Carbohydrates
Glucosamine-6-Phosphate,Glucosamine 6-phosphate,439217,HMDB0001254,Hexose phosphates,Organic oxygen compounds,Organooxygen compounds,Carbohydrates and carbohydrate conjugates,Carbohydrates,Organic oxygen compounds_Carbohydrates,Organic oxygen compounds_Carbohydrates
Glucose,D-Glucose,5793,HMDB0000122,Hexoses,Organic oxygen compounds,Organooxygen compounds,Carbohydrates and carbohydrate conjugates,Carbohydrates,Organic oxygen compounds_Carbohydrates,Organic oxygen compounds_Carbohydrates
Glucose 6-Phosphate,Glucose 6-phosphate,5958,HMDB0001401,Hexose phosphates,Organic oxygen compounds,Organooxygen compounds,Carbohydrates and carbohydrate conjugates,Carbohydrates,Organic oxygen compounds_Carbohydrates,Organic oxygen compounds_Carbohydrates
Glucuronolactone,"D-Glucurono-6,3-lactone",92283,HMDB0006355,Isosorbides,Organoheterocyclic compounds,Furofurans,Isosorbides,Other,Organoheterocyclic compounds_Other,Other
Glutamate,L-Glutamic acid,33032,HMDB0000148,Glutamic acid and derivatives,Organic acids and derivatives,Carboxylic acids and derivatives,"Amino acids, peptides, and analogues",Amino acids,Organic acids and derivatives_Amino acids,Organic acids_Amino acids
Glutamine,L-Glutamine,5961,HMDB0000641,L-alpha-amino acids,Organic acids and derivatives,Carboxylic acids and derivatives,"Amino acids, peptides, and analogues",Amino acids,Organic acids and derivatives_Amino acids,Organic acids_Amino acids
Glutarate,Glutaric acid,743,HMDB0000661,Dicarboxylic acids and derivatives,Organic acids and derivatives,Carboxylic acids and derivatives,Dicarboxylic acids and derivatives,Carboxylic acids,Organic acids and derivatives_Carboxylic acids,Organic acids and derivatives_Carboxylic acids
Glutarylcarnitine,Glutarylcarnitine,71317118,HMDB0013130,Acyl carnitines,Lipids and lipid-like molecules,Fatty Acyls,Fatty acid esters,Other,Lipids and lipid-like molecules_Other,Lipids_Other
Glyceraldehyde 3-phosphate,Glyceraldehyde 3-phosphate,729,HMDB0001112,Glyceraldehyde-3-phosphates,Organic oxygen compounds,Organooxygen compounds,Carbohydrates and carbohydrate conjugates,Carbohydrates,Organic oxygen compounds_Carbohydrates,Organic oxygen compounds_Carbohydrates
Glycerate,Glyceric acid,439194,HMDB0000139,Sugar acids and derivatives,Organic oxygen compounds,Organooxygen compounds,Carbohydrates and carbohydrate conjugates,Carbohydrates,Organic oxygen compounds_Carbohydrates,Organic oxygen compounds_Carbohydrates
Glycerol,Glycerol,753,HMDB0000131,Sugar alcohols,Organic oxygen compounds,Organooxygen compounds,Carbohydrates and carbohydrate conjugates,Carbohydrates,Organic oxygen compounds_Carbohydrates,Organic oxygen compounds_Carbohydrates
Glycerol 3-phosphate,Glycerol 3-phosphate,754,HMDB0000126,Glycerophosphates,Lipids and lipid-like molecules,Glycerophospholipids,Glycerophosphates,Other,Lipids and lipid-like molecules_Other,Lipids_Other
Glycerol Myristate,MG(14:0/0:0/0:0),10957631,HMDB0011561,1-monoacylglycerols,Lipids and lipid-like molecules,Glycerolipids,Monoradylglycerols,Other,Lipids and lipid-like molecules_Other,Lipids_Other
Glycine,Glycine,750,HMDB0000123,Alpha amino acids,Organic acids and derivatives,Carboxylic acids and derivatives,"Amino acids, peptides, and analogues",Amino acids,Organic acids and derivatives_Amino acids,Organic acids_Amino acids
Glycochenodeoxycholate,Chenodeoxycholic acid glycine conjugate,12544,HMDB0000637,Glycinated bile acids and derivatives,Lipids and lipid-like molecules,Steroids and steroid derivatives,"Bile acids, alcohols and derivatives",Bile acids,Lipids and lipid-like molecules_Bile acids,Lipids_Bile acids
Glycocholate,Glycocholic acid,10140,HMDB0000138,Glycinated bile acids and derivatives,Lipids and lipid-like molecules,Steroids and steroid derivatives,"Bile acids, alcohols and derivatives",Bile acids,Lipids and lipid-like molecules_Bile acids,Lipids_Bile acids
Glycolate,Glycolic acid,757,HMDB0000115,Alpha hydroxy acids and derivatives,Organic acids and derivatives,Hydroxy acids and derivatives,Alpha hydroxy acids and derivatives,Hydroxy acids,Organic acids and derivatives_Hydroxy acids,Organic acids_Hydroxy and Keto acids
GMP,Guanosine monophosphate,135398631,HMDB0001397,Purine ribonucleoside monophosphates,"Nucleosides, nucleotides, and analogues",Purine nucleotides,Purine ribonucleotides,Purine,"Nucleosides, nucleotides, and analogues_Purine",Nucleosides
GPP,Geranyl pyrophosphate,445995,HMDB0001285,Isoprenoid phosphates,Lipids and lipid-like molecules,Prenol lipids,Isoprenoid phosphates,Other,Lipids and lipid-like molecules_Other,Lipids_Other
Guaiacol,Guaiacol,460,HMDB0001398,Methoxyphenols,Benzenoids,Phenols,Methoxyphenols,Other,Benzenoids_Other,Benzenoids
Guanidinoacetate,Guanidoacetic acid,763,HMDB0000128,Alpha amino acids and derivatives,Organic acids and derivatives,Carboxylic acids and derivatives,"Amino acids, peptides, and analogues",Amino acids,Organic acids and derivatives_Amino acids,Organic acids_Amino acids
Guanidinosuccinic Acid,Guanidinosuccinic acid,439918,HMDB0003157,Aspartic acid and derivatives,Organic acids and derivatives,Carboxylic acids and derivatives,"Amino acids, peptides, and analogues",Amino acids,Organic acids and derivatives_Amino acids,Organic acids_Amino acids
Guanine,Guanine,135398634,HMDB0000132,Purines and purine derivatives,Organoheterocyclic compounds,Imidazopyrimidines,Purines and purine derivatives,Purine,Organoheterocyclic compounds_Purine,Organoheterocyclic compounds_Purine/Pyridines/Pyrimidines
Guanosine,Guanosine,135398635,HMDB0000133,Purine nucleosides,"Nucleosides, nucleotides, and analogues",Purine nucleosides,Other,Purine,"Nucleosides, nucleotides, and analogues_Purine",Nucleosides
Gulonolactone,L-Gulonolactone,165105,HMDB0003466,Gamma butyrolactones,Organoheterocyclic compounds,Lactones,Gamma butyrolactones,Other,Organoheterocyclic compounds_Other,Other
Heneicosanoic acid,Heneicosanoic acid,16898,HMDB0002345,Long-chain fatty acids,Lipids and lipid-like molecules,Fatty Acyls,Fatty acids and conjugates,Fatty acids,Lipids and lipid-like molecules_Fatty acids,Lipids_Fatty acids
Heptanoic acid,Heptanoic acid,8094,HMDB0000666,Medium-chain fatty acids,Lipids and lipid-like molecules,Fatty Acyls,Fatty acids and conjugates,Fatty acids,Lipids and lipid-like molecules_Fatty acids,Lipids_Fatty acids
Hexanoic acid,Caproic acid,8892,HMDB0000535,Medium-chain fatty acids,Lipids and lipid-like molecules,Fatty Acyls,Fatty acids and conjugates,Fatty acids,Lipids and lipid-like molecules_Fatty acids,Lipids_Fatty acids
Hexanoyl carnitine,Hexanoylcarnitine,NA,HMDB0000756,Acyl carnitines,Lipids and lipid-like molecules,Fatty Acyls,Fatty acid esters,Other,Lipids and lipid-like molecules_Other,Lipids_Other
Hippurate,Hippuric acid,464,HMDB0000714,Hippuric acids,Benzenoids,Benzene and substituted derivatives,Benzoic acids and derivatives,Other,Benzenoids_Other,Benzenoids
Histamine,Histamine,774,HMDB0000870,2-arylethylamines,Organic nitrogen compounds,Organonitrogen compounds,Amines,Other,Organic nitrogen compounds_Other,Organic nitrogen compounds
Histidine,L-Histidine,6274,HMDB0000177,Histidine and derivatives,Organic acids and derivatives,Carboxylic acids and derivatives,"Amino acids, peptides, and analogues",Amino acids,Organic acids and derivatives_Amino acids,Organic acids_Amino acids
Homocysteine,Homocysteine,91552,HMDB0000742,L-alpha-amino acids,Organic acids and derivatives,Carboxylic acids and derivatives,"Amino acids, peptides, and analogues",Amino acids,Organic acids and derivatives_Amino acids,Organic acids_Amino acids
Homoserine,L-Homoserine,779,HMDB0000719,L-alpha-amino acids,Organic acids and derivatives,Carboxylic acids and derivatives,"Amino acids, peptides, and analogues",Amino acids,Organic acids and derivatives_Amino acids,Organic acids_Amino acids
Hydroquinone,Hydroquinone,785,HMDB0002434,Hydroquinones,Benzenoids,Phenols,Benzenediols,Other,Benzenoids_Other,Benzenoids
Hypotaurine,Hypotaurine,107812,HMDB0000965,Sulfinic acids,Organic acids and derivatives,Sulfinic acids and derivatives,Sulfinic acids,Other,Organic acids and derivatives_Other,Other
Hypoxanthine,Hypoxanthine,135398638,HMDB0000157,Hypoxanthines,Organoheterocyclic compounds,Imidazopyrimidines,Purines and purine derivatives,Purine,Organoheterocyclic compounds_Purine,Organoheterocyclic compounds_Purine/Pyridines/Pyrimidines
Indole-3-Acetamide,1H-Indole-3-acetamide,397,HMDB0029739,3-alkylindoles,Organoheterocyclic compounds,Indoles and derivatives,Indoles,Indoles,Organoheterocyclic compounds_Indoles,Organoheterocyclic compounds_Indoles
Indole-3-Acetate,Indoleacetic acid,801,HMDB0000197,Indole-3-acetic acid derivatives,Organoheterocyclic compounds,Indoles and derivatives,Indolyl carboxylic acids and derivatives,Indoles,Organoheterocyclic compounds_Indoles,Organoheterocyclic compounds_Indoles
Indole-3-Methyl Acetate,Indole-3-methyl acetate,74706,HMDB0029738,Indole-3-acetic acid derivatives,Organoheterocyclic compounds,Indoles and derivatives,Indolyl carboxylic acids and derivatives,Indoles,Organoheterocyclic compounds_Indoles,Organoheterocyclic compounds_Indoles
Indole-3-Pyruvate,CMPciliatine,803,HMDB0060067,Pentose phosphates,Organic oxygen compounds,Organooxygen compounds,Carbohydrates and carbohydrate conjugates,Carbohydrates,Organic oxygen compounds_Carbohydrates,Organic oxygen compounds_Carbohydrates
Indoxyl Sulfate,Indoxyl sulfate,10258,HMDB0000682,Arylsulfates,Organic acids and derivatives,Organic sulfuric acids and derivatives,Arylsulfates,Other,Organic acids and derivatives_Other,Other
Indoxyl-Glucoside,Indican,441564,HMDB0061755,O-glycosyl compounds,Organic oxygen compounds,Organooxygen compounds,Carbohydrates and carbohydrate conjugates,Carbohydrates,Organic oxygen compounds_Carbohydrates,Organic oxygen compounds_Carbohydrates
Inosine,Inosine,135398641,HMDB0000195,Purine nucleosides,"Nucleosides, nucleotides, and analogues",Purine nucleosides,Other,Purine,"Nucleosides, nucleotides, and analogues_Purine",Nucleosides
Isoleucine,L-Isoleucine,6306,HMDB0000172,Isoleucine and derivatives,Organic acids and derivatives,Carboxylic acids and derivatives,"Amino acids, peptides, and analogues",Amino acids,Organic acids and derivatives_Amino acids,Organic acids_Amino acids
Itaconate,Itaconic acid,811,HMDB0002092,Branched fatty acids,Lipids and lipid-like molecules,Fatty Acyls,Fatty acids and conjugates,Fatty acids,Lipids and lipid-like molecules_Fatty acids,Lipids_Fatty acids
Kynurenate,Kynurenic acid,3845,HMDB0000715,Quinoline carboxylic acids,Organoheterocyclic compounds,Quinolines and derivatives,Quinoline carboxylic acids,Other,Organoheterocyclic compounds_Other,Other
Kynurenine,L-Kynurenine,846,HMDB0000684,Alkyl-phenylketones,Organic oxygen compounds,Organooxygen compounds,Carbonyl compounds,Other,Organic oxygen compounds_Other,Other
L-Cysteic Acid,Cysteic acid,25701,HMDB0002757,Alpha amino acids,Organic acids and derivatives,Carboxylic acids and derivatives,"Amino acids, peptides, and analogues",Amino acids,Organic acids and derivatives_Amino acids,Organic acids_Amino acids
L-Dopa,L-Dopa,6047,HMDB0000181,Tyrosine and derivatives,Organic acids and derivatives,Carboxylic acids and derivatives,"Amino acids, peptides, and analogues",Amino acids,Organic acids and derivatives_Amino acids,Organic acids_Amino acids
Lactose,Lactose,6134,HMDB0041627,O-glycosyl compounds,Organic oxygen compounds,Organooxygen compounds,Carbohydrates and carbohydrate conjugates,Carbohydrates,Organic oxygen compounds_Carbohydrates,Organic oxygen compounds_Carbohydrates
Lauroylcarnitine,Dodecanoylcarnitine,168381,HMDB0002250,Acyl carnitines,Lipids and lipid-like molecules,Fatty Acyls,Fatty acid esters,Other,Lipids and lipid-like molecules_Other,Lipids_Other
Leucine,L-Leucine,6106,HMDB0000687,Leucine and derivatives,Organic acids and derivatives,Carboxylic acids and derivatives,"Amino acids, peptides, and analogues",Amino acids,Organic acids and derivatives_Amino acids,Organic acids_Amino acids
Lignoceric acid,Tetracosanoic acid,11197,HMDB0002003,Very long-chain fatty acids,Lipids and lipid-like molecules,Fatty Acyls,Fatty acids and conjugates,Fatty acids,Lipids and lipid-like molecules_Fatty acids,Lipids_Fatty acids
Linoleic acid,Linoleic acid,5280450,HMDB0000673,Lineolic acids and derivatives,Lipids and lipid-like molecules,Fatty Acyls,Lineolic acids and derivatives,Other,Lipids and lipid-like molecules_Other,Lipids_Other
Linolenic acid,Alpha-Linolenic acid,5280934,HMDB0001388,Lineolic acids and derivatives,Lipids and lipid-like molecules,Fatty Acyls,Lineolic acids and derivatives,Other,Lipids and lipid-like molecules_Other,Lipids_Other
Lithocholate,Isolithocholic acid,9903,HMDB0000717,"Monohydroxy bile acids, alcohols and derivatives",Lipids and lipid-like molecules,Steroids and steroid derivatives,"Bile acids, alcohols and derivatives",Bile acids,Lipids and lipid-like molecules_Bile acids,Lipids_Bile acids
Lithocholyltaurine,Lithocholyltaurine,439763,HMDB0000722,Taurinated bile acids and derivatives,Lipids and lipid-like molecules,Steroids and steroid derivatives,"Bile acids, alcohols and derivatives",Bile acids,Lipids and lipid-like molecules_Bile acids,Lipids_Bile acids
Lumichrome,Lumichrome,5326566,HMDB0254199,Flavins,Organoheterocyclic compounds,Pteridines and derivatives,Alloxazines and isoalloxazines,Other,Organoheterocyclic compounds_Other,Other
Lysine,L-Lysine,5962,HMDB0000182,L-alpha-amino acids,Organic acids and derivatives,Carboxylic acids and derivatives,"Amino acids, peptides, and analogues",Amino acids,Organic acids and derivatives_Amino acids,Organic acids_Amino acids
Malate,L-Malic acid,160434,HMDB0000156,Beta hydroxy acids and derivatives,Organic acids and derivatives,Hydroxy acids and derivatives,Beta hydroxy acids and derivatives,Hydroxy acids,Organic acids and derivatives_Hydroxy acids,Organic acids_Hydroxy and Keto acids
Maleamate,Maleamate,5280451,HMDB0254310,Straight chain fatty acids,Lipids and lipid-like molecules,Fatty Acyls,Fatty acids and conjugates,Fatty acids,Lipids and lipid-like molecules_Fatty acids,Lipids_Fatty acids
Maleate,Maleic acid,5288227,HMDB0000176,Dicarboxylic acids and derivatives,Organic acids and derivatives,Carboxylic acids and derivatives,Dicarboxylic acids and derivatives,Carboxylic acids,Organic acids and derivatives_Carboxylic acids,Organic acids and derivatives_Carboxylic acids
Maleimide,Maleimide,10935,HMDB0254312,Maleimides,Organoheterocyclic compounds,Pyrrolidines,Pyrrolidones,Other,Organoheterocyclic compounds_Other,Other
Malonate,Malonic acid,867,HMDB0000691,Dicarboxylic acids and derivatives,Organic acids and derivatives,Carboxylic acids and derivatives,Dicarboxylic acids and derivatives,Carboxylic acids,Organic acids and derivatives_Carboxylic acids,Organic acids and derivatives_Carboxylic acids
Mandelate,Mandelic acid,3839223,HMDB0000703,Benzene and substituted derivatives,Benzenoids,Benzene and substituted derivatives,Other,Other,Benzenoids_Other,Benzenoids
Mannitol,Mannitol,6251,HMDB0000765,Sugar alcohols,Organic oxygen compounds,Organooxygen compounds,Carbohydrates and carbohydrate conjugates,Carbohydrates,Organic oxygen compounds_Carbohydrates,Organic oxygen compounds_Carbohydrates
Melatonin,Melatonin,896,HMDB0001389,3-alkylindoles,Organoheterocyclic compounds,Indoles and derivatives,Indoles,Indoles,Organoheterocyclic compounds_Indoles,Organoheterocyclic compounds_Indoles
Mesaconic acid,Mesaconic acid,638129,HMDB0000749,Methyl-branched fatty acids,Lipids and lipid-like molecules,Fatty Acyls,Fatty acids and conjugates,Fatty acids,Lipids and lipid-like molecules_Fatty acids,Lipids_Fatty acids
Mesoxalate,Mesoxalic acid,10132,HMDB0031522,Dicarboxylic acids and derivatives,Organic acids and derivatives,Carboxylic acids and derivatives,Dicarboxylic acids and derivatives,Carboxylic acids,Organic acids and derivatives_Carboxylic acids,Organic acids and derivatives_Carboxylic acids
Methionine,L-Methionine,6137,HMDB0000696,Methionine and derivatives,Organic acids and derivatives,Carboxylic acids and derivatives,"Amino acids, peptides, and analogues",Amino acids,Organic acids and derivatives_Amino acids,Organic acids_Amino acids
Methionine Sulfoximine,Methionine sulfoximine,16118,HMDB0029430,Alpha amino acids,Organic acids and derivatives,Carboxylic acids and derivatives,"Amino acids, peptides, and analogues",Amino acids,Organic acids and derivatives_Amino acids,Organic acids_Amino acids
Methyglutarate,Methylglutaric acid,12284,HMDB0000752,Methyl-branched fatty acids,Lipids and lipid-like molecules,Fatty Acyls,Fatty acids and conjugates,Fatty acids,Lipids and lipid-like molecules_Fatty acids,Lipids_Fatty acids
Methyl 4-Aminobutyrate,Methyl 4-aminobutanoate,18614,HMDB0341354,Gamma amino acids and derivatives,Organic acids and derivatives,Carboxylic acids and derivatives,"Amino acids, peptides, and analogues",Amino acids,Organic acids and derivatives_Amino acids,Organic acids_Amino acids
Methyl Galactoside,Methyl beta-D-glucopyranoside,94214,HMDB0029965,O-glycosyl compounds,Organic oxygen compounds,Organooxygen compounds,Carbohydrates and carbohydrate conjugates,Carbohydrates,Organic oxygen compounds_Carbohydrates,Organic oxygen compounds_Carbohydrates
Methyl Jasmonate,Methyl jasmonate,5281929,HMDB0036583,Jasmonic acids,Lipids and lipid-like molecules,Fatty Acyls,Lineolic acids and derivatives,Other,Lipids and lipid-like molecules_Other,Lipids_Other
Methyl Vanillate,Methyl vanillate,19844,HMDB0240266,M-methoxybenzoic acids and derivatives,Benzenoids,Benzene and substituted derivatives,Benzoic acids and derivatives,Other,Benzenoids_Other,Benzenoids
methyl-lysine,N(2)-Methyl-lysine,7010497,HMDB0240689,L-alpha-amino acids,Organic acids and derivatives,Carboxylic acids and derivatives,"Amino acids, peptides, and analogues",Amino acids,Organic acids and derivatives_Amino acids,Organic acids_Amino acids
Methylarginine,L-Targinine,132862,HMDB0029416,Arginine and derivatives,Organic acids and derivatives,Carboxylic acids and derivatives,"Amino acids, peptides, and analogues",Amino acids,Organic acids and derivatives_Amino acids,Organic acids_Amino acids
Methylguanidine,Methylguanidine,10111,HMDB0001522,Guanidines,Organic nitrogen compounds,Organonitrogen compounds,Guanidines,Other,Organic nitrogen compounds_Other,Organic nitrogen compounds
Methylmalonate,Methylmalonic acid,487,HMDB0000202,Dicarboxylic acids and derivatives,Organic acids and derivatives,Carboxylic acids and derivatives,Dicarboxylic acids and derivatives,Carboxylic acids,Organic acids and derivatives_Carboxylic acids,Organic acids and derivatives_Carboxylic acids
Methylthioadenosine,5'-Methylthioadenosine,439176,HMDB0001173,5'-deoxy-5'-thionucleosides,"Nucleosides, nucleotides, and analogues",5'-deoxyribonucleosides,5'-deoxy-5'-thionucleosides,Other,"Nucleosides, nucleotides, and analogues_Other",Nucleosides
Mevalolactone,4-Hydroxy-4-methyltetrahydro-2H-pyran-2-one,10428,HMDB0006024,Delta valerolactones,Organoheterocyclic compounds,Lactones,Delta valerolactones,Other,Organoheterocyclic compounds_Other,Other
Mevalonate,Mevalonic acid,439230,HMDB0000227,Hydroxy fatty acids,Lipids and lipid-like molecules,Fatty Acyls,Fatty acids and conjugates,Fatty acids,Lipids and lipid-like molecules_Fatty acids,Lipids_Fatty acids
Monoethylmalonate,Dimethylmalonic acid,11686,HMDB0002001,Dicarboxylic acids and derivatives,Organic acids and derivatives,Carboxylic acids and derivatives,Dicarboxylic acids and derivatives,Carboxylic acids,Organic acids and derivatives_Carboxylic acids,Organic acids and derivatives_Carboxylic acids
Myo-Inositol,myo-Inositol,892,HMDB0000211,Cyclohexanols,Organic oxygen compounds,Organooxygen compounds,Alcohols and polyols,Other,Organic oxygen compounds_Other,Other
Myristic acid,Myristic acid,11005,HMDB0000806,Long-chain fatty acids,Lipids and lipid-like molecules,Fatty Acyls,Fatty acids and conjugates,Fatty acids,Lipids and lipid-like molecules_Fatty acids,Lipids_Fatty acids
Myristoleic acid,Myristoleic acid,5281119,HMDB0002000,Long-chain fatty acids,Lipids and lipid-like molecules,Fatty Acyls,Fatty acids and conjugates,Fatty acids,Lipids and lipid-like molecules_Fatty acids,Lipids_Fatty acids
N-Acetyl-L-Aspartic Acid,N-Acetyl-L-aspartic acid,65065,HMDB0000812,Aspartic acid and derivatives,Organic acids and derivatives,Carboxylic acids and derivatives,"Amino acids, peptides, and analogues",Amino acids,Organic acids and derivatives_Amino acids,Organic acids_Amino acids
N-Acetyl-L-glutamine,N-Acetylglutamine,182230,HMDB0006029,Glutamine and derivatives,Organic acids and derivatives,Carboxylic acids and derivatives,"Amino acids, peptides, and analogues",Amino acids,Organic acids and derivatives_Amino acids,Organic acids_Amino acids
N-Acetylalanine,N-Acetyl-L-alanine,88064,HMDB0000766,N-acyl-L-alpha-amino acids,Organic acids and derivatives,Carboxylic acids and derivatives,"Amino acids, peptides, and analogues",Amino acids,Organic acids and derivatives_Amino acids,Organic acids_Amino acids
N-Acetylasparagine,N-Acetylasparagine,99715,HMDB0006028,Asparagine and derivatives,Organic acids and derivatives,Carboxylic acids and derivatives,"Amino acids, peptides, and analogues",Amino acids,Organic acids and derivatives_Amino acids,Organic acids_Amino acids
N-Acetylglucosamine,N-Acetyl-D-glucosamine,24139,HMDB0000215,Acylaminosugars,Organic oxygen compounds,Organooxygen compounds,Carbohydrates and carbohydrate conjugates,Carbohydrates,Organic oxygen compounds_Carbohydrates,Organic oxygen compounds_Carbohydrates
N-Acetylglutamate,N-Acetylglutamic acid,70914,HMDB0001138,Glutamic acid and derivatives,Organic acids and derivatives,Carboxylic acids and derivatives,"Amino acids, peptides, and analogues",Amino acids,Organic acids and derivatives_Amino acids,Organic acids_Amino acids
N-Acetylglycine,Acetylglycine,10972,HMDB0000532,N-acyl-alpha amino acids,Organic acids and derivatives,Carboxylic acids and derivatives,"Amino acids, peptides, and analogues",Amino acids,Organic acids and derivatives_Amino acids,Organic acids_Amino acids
N-Acetylleucine,N-Acetylleucine,70912,HMDB0011756,Leucine and derivatives,Organic acids and derivatives,Carboxylic acids and derivatives,"Amino acids, peptides, and analogues",Amino acids,Organic acids and derivatives_Amino acids,Organic acids_Amino acids
N-Acetylmethionine,N-Acetyl-L-methionine,448580,HMDB0011745,Methionine and derivatives,Organic acids and derivatives,Carboxylic acids and derivatives,"Amino acids, peptides, and analogues",Amino acids,Organic acids and derivatives_Amino acids,Organic acids_Amino acids
N-Acetylneuraminate,N-Acetylneuraminate,439197,HMDB0000230,N-acylneuraminic acids,Organic oxygen compounds,Organooxygen compounds,Carbohydrates and carbohydrate conjugates,Carbohydrates,Organic oxygen compounds_Carbohydrates,Organic oxygen compounds_Carbohydrates
N-Acetylphenylalanine,N-Acetyl-L-phenylalanine,2000,HMDB0000512,Phenylalanine and derivatives,Organic acids and derivatives,Carboxylic acids and derivatives,"Amino acids, peptides, and analogues",Amino acids,Organic acids and derivatives_Amino acids,Organic acids_Amino acids
N-Acetylputrescine,N-Acetylputrescine,122356,HMDB0002064,Carboximidic acids,Organic acids and derivatives,Carboximidic acids and derivatives,Carboximidic acids,Other,Organic acids and derivatives_Other,Other
N-Acetylserine,N-Acetylserine,65249,HMDB0002931,N-acyl-L-alpha-amino acids,Organic acids and derivatives,Carboxylic acids and derivatives,"Amino acids, peptides, and analogues",Amino acids,Organic acids and derivatives_Amino acids,Organic acids_Amino acids
N-Acetylserotonin,N-Acetylserotonin,903,HMDB0001238,Hydroxyindoles,Organoheterocyclic compounds,Indoles and derivatives,Hydroxyindoles,Indoles,Organoheterocyclic compounds_Indoles,Organoheterocyclic compounds_Indoles
N-Acetyltryptophan,N-acetyltryptophan,2002,HMDB0013713,N-acyl-L-alpha-amino acids,Organic acids and derivatives,Carboxylic acids and derivatives,"Amino acids, peptides, and analogues",Amino acids,Organic acids and derivatives_Amino acids,Organic acids_Amino acids
N-Alpha-Acetyllysine,N-Alpha-acetyllysine,192590,HMDB0000446,N-acyl-alpha amino acids,Organic acids and derivatives,Carboxylic acids and derivatives,"Amino acids, peptides, and analogues",Amino acids,Organic acids and derivatives_Amino acids,Organic acids_Amino acids
N-Butylbenzenesulfonamide,N-Butylbenzenesulfonamide,19241,NA,NA,Other,Other,Other,Other,Other_Other,Other
N-Carbamoyl-L-aspartate,Ureidosuccinic acid,93072,HMDB0000828,Aspartic acid and derivatives,Organic acids and derivatives,Carboxylic acids and derivatives,"Amino acids, peptides, and analogues",Amino acids,Organic acids and derivatives_Amino acids,Organic acids_Amino acids
N-Formyl-L-Methionine,N-Formyl-L-methionine,439750,HMDB0001015,Methionine and derivatives,Organic acids and derivatives,Carboxylic acids and derivatives,"Amino acids, peptides, and analogues",Amino acids,Organic acids and derivatives_Amino acids,Organic acids_Amino acids
N-Formylglycine,N-Formylglycine,75606,HMDB0255145,N-formyl-alpha amino acids,Organic acids and derivatives,Carboxylic acids and derivatives,"Amino acids, peptides, and analogues",Amino acids,Organic acids and derivatives_Amino acids,Organic acids_Amino acids
N-Methylaspartate,N-Methyl-D-aspartic acid,22880,HMDB0002393,Aspartic acid and derivatives,Organic acids and derivatives,Carboxylic acids and derivatives,"Amino acids, peptides, and analogues",Amino acids,Organic acids and derivatives_Amino acids,Organic acids_Amino acids
N-Methylglutamate,N-methyl-L-glutamic Acid,439377,HMDB0062660,Glutamic acid and derivatives,Organic acids and derivatives,Carboxylic acids and derivatives,"Amino acids, peptides, and analogues",Amino acids,Organic acids and derivatives_Amino acids,Organic acids_Amino acids
N-Methyltryptamine,N-Methyltryptamine,6088,HMDB0004370,Tryptamines and derivatives,Organoheterocyclic compounds,Indoles and derivatives,Tryptamines and derivatives,Indoles,Organoheterocyclic compounds_Indoles,Organoheterocyclic compounds_Indoles
"N,N-Diethyl-P-phenylenediamine",Protein C-terminal S-farnesyl-L-cysteine,7120,HMDB0247663,Dialkylarylamines,Organic nitrogen compounds,Organonitrogen compounds,Amines,Other,Organic nitrogen compounds_Other,Organic nitrogen compounds
N6-(Delta2-Isopentenyl)-Adenine,N6-(delta2-Isopentenyl)-adenine,92180,HMDB0245646,6-alkylaminopurines,Organoheterocyclic compounds,Imidazopyrimidines,Purines and purine derivatives,Purine,Organoheterocyclic compounds_Purine,Organoheterocyclic compounds_Purine/Pyridines/Pyrimidines
NAD+,NAD,5893,HMDB0000902,(5'->5')-dinucleotides,"Nucleosides, nucleotides, and analogues",(5'->5')-dinucleotides,Other,Other,"Nucleosides, nucleotides, and analogues_Other",Nucleosides
NAPQI,NAPQI,39763,HMDB0060946,Secondary ketimines,Organic nitrogen compounds,Organonitrogen compounds,Imines,Other,Organic nitrogen compounds_Other,Organic nitrogen compounds
Nervonic acid,Nervonic acid,5281120,HMDB0002368,Very long-chain fatty acids,Lipids and lipid-like molecules,Fatty Acyls,Fatty acids and conjugates,Fatty acids,Lipids and lipid-like molecules_Fatty acids,Lipids_Fatty acids
Nicotinamide,Niacinamide,936,HMDB0001406,Nicotinamides,Organoheterocyclic compounds,Pyridines and derivatives,Pyridinecarboxylic acids and derivatives,Pyridines,Organoheterocyclic compounds_Pyridines,Organoheterocyclic compounds_Purine/Pyridines/Pyrimidines
Nicotinamide Mononucleotide,Nicotinamide ribotide,14180,HMDB0000229,Nicotinamide nucleotides,"Nucleosides, nucleotides, and analogues",Pyridine nucleotides,Nicotinamide nucleotides,Other,"Nucleosides, nucleotides, and analogues_Other",Nucleosides
nicotinamide N-oxide,Nicotinamide N-oxide,72661,HMDB0002730,Nicotinamides,Organoheterocyclic compounds,Pyridines and derivatives,Pyridinecarboxylic acids and derivatives,Pyridines,Organoheterocyclic compounds_Pyridines,Organoheterocyclic compounds_Purine/Pyridines/Pyrimidines
Nicotinate,Nicotinic acid,938,HMDB0001488,Pyridinecarboxylic acids,Organoheterocyclic compounds,Pyridines and derivatives,Pyridinecarboxylic acids and derivatives,Pyridines,Organoheterocyclic compounds_Pyridines,Organoheterocyclic compounds_Purine/Pyridines/Pyrimidines
Nicotine,Nicotine,NA,HMDB0001934,Pyrrolidinylpyridines,Organoheterocyclic compounds,Pyridines and derivatives,Pyrrolidinylpyridines,Pyridines,Organoheterocyclic compounds_Pyridines,Organoheterocyclic compounds_Purine/Pyridines/Pyrimidines
Nonadecanoic acid,Nonadecanoic acid,12591,HMDB0000772,Long-chain fatty acids,Lipids and lipid-like molecules,Fatty Acyls,Fatty acids and conjugates,Fatty acids,Lipids and lipid-like molecules_Fatty acids,Lipids_Fatty acids
Nonanoic acid,Pelargonic acid,8158,HMDB0000847,Medium-chain fatty acids,Lipids and lipid-like molecules,Fatty Acyls,Fatty acids and conjugates,Fatty acids,Lipids and lipid-like molecules_Fatty acids,Lipids_Fatty acids
Norepinephrine,Norepinephrine,439260,HMDB0000216,Catechols,Benzenoids,Phenols,Benzenediols,Other,Benzenoids_Other,Benzenoids
Normetanephrine,Normetanephrine,1237,HMDB0000819,Methoxyphenols,Benzenoids,Phenols,Methoxyphenols,Other,Benzenoids_Other,Benzenoids
Norvaline,Norvaline,65098,HMDB0013716,D-alpha-amino acids,Organic acids and derivatives,Carboxylic acids and derivatives,"Amino acids, peptides, and analogues",Amino acids,Organic acids and derivatives_Amino acids,Organic acids_Amino acids
O-Acetylserine,O-Acetylserine,99478,HMDB0003011,L-alpha-amino acids,Organic acids and derivatives,Carboxylic acids and derivatives,"Amino acids, peptides, and analogues",Amino acids,Organic acids and derivatives_Amino acids,Organic acids_Amino acids
O-Phosphoethanolamine,O-Phosphoethanolamine,1015,HMDB0000224,Phosphoethanolamines,Organic acids and derivatives,Organic phosphoric acids and derivatives,Phosphate esters,Other,Organic acids and derivatives_Other,Other
O-Succinyl-Homoserine,O-Succinyl-L-homoserine,439406,HMDB0255868,Alpha amino acids,Organic acids and derivatives,Carboxylic acids and derivatives,"Amino acids, peptides, and analogues",Amino acids,Organic acids and derivatives_Amino acids,Organic acids_Amino acids
Octanoic acid,Caprylic acid,379,HMDB0000482,Medium-chain fatty acids,Lipids and lipid-like molecules,Fatty Acyls,Fatty acids and conjugates,Fatty acids,Lipids and lipid-like molecules_Fatty acids,Lipids_Fatty acids
Octanoyl-carnitine,L-Octanoylcarnitine,21889559,HMDB0000791,Acyl carnitines,Lipids and lipid-like molecules,Fatty Acyls,Fatty acid esters,Other,Lipids and lipid-like molecules_Other,Lipids_Other
Oleic acid,Oleic acid,445639,HMDB0000207,Long-chain fatty acids,Lipids and lipid-like molecules,Fatty Acyls,Fatty acids and conjugates,Fatty acids,Lipids and lipid-like molecules_Fatty acids,Lipids_Fatty acids
Oleoyl-Glycerol,MG(18:1(9Z)/0:0/0:0),NA,HMDB0011567,1-monoacylglycerols,Lipids and lipid-like molecules,Glycerolipids,Monoradylglycerols,Other,Lipids and lipid-like molecules_Other,Lipids_Other
Omega-Hydroxydodecanoate,12-Hydroxydodecanoic acid,79034,HMDB0002059,Medium-chain hydroxy acids and derivatives,Organic acids and derivatives,Hydroxy acids and derivatives,Medium-chain hydroxy acids and derivatives,Hydroxy acids,Organic acids and derivatives_Hydroxy acids,Organic acids_Hydroxy and Keto acids
Ophthalmate,Ophthalmic acid,7018721,HMDB0005765,Oligopeptides,Organic acids and derivatives,Carboxylic acids and derivatives,"Amino acids, peptides, and analogues",Amino acids,Organic acids and derivatives_Amino acids,Organic acids_Amino acids
Ornithine,Ornithine,6262,HMDB0000214,L-alpha-amino acids,Organic acids and derivatives,Carboxylic acids and derivatives,"Amino acids, peptides, and analogues",Amino acids,Organic acids and derivatives_Amino acids,Organic acids_Amino acids
Orotate,Orotic acid,1492348,HMDB0000226,Pyrimidinecarboxylic acids,Organoheterocyclic compounds,Diazines,Pyrimidines and pyrimidine derivatives,Pyrimidines,Organoheterocyclic compounds_Pyrimidines,Organoheterocyclic compounds_Purine/Pyridines/Pyrimidines
Oxalate,Oxalic acid,71081,HMDB0002329,Dicarboxylic acids and derivatives,Organic acids and derivatives,Carboxylic acids and derivatives,Dicarboxylic acids and derivatives,Carboxylic acids,Organic acids and derivatives_Carboxylic acids,Organic acids and derivatives_Carboxylic acids
Oxoadipate,Oxoadipic acid,71,HMDB0000225,Medium-chain keto acids and derivatives,Organic acids and derivatives,Keto acids and derivatives,Medium-chain keto acids and derivatives,Keto acids,Organic acids and derivatives_Keto acids,Organic acids_Hydroxy and Keto acids
Oxoglutarate,Oxoglutaric acid,51,HMDB0000208,Gamma-keto acids and derivatives,Organic acids and derivatives,Keto acids and derivatives,Gamma-keto acids and derivatives,Keto acids,Organic acids and derivatives_Keto acids,Organic acids_Hydroxy and Keto acids
Oxoproline,Pyroglutamic acid,7405,HMDB0000267,Alpha amino acids and derivatives,Organic acids and derivatives,Carboxylic acids and derivatives,"Amino acids, peptides, and analogues",Amino acids,Organic acids and derivatives_Amino acids,Organic acids_Amino acids
Oxypurinol,Oxypurinol,135398752,HMDB0000786,Xanthines,Organoheterocyclic compounds,Imidazopyrimidines,Purines and purine derivatives,Purine,Organoheterocyclic compounds_Purine,Organoheterocyclic compounds_Purine/Pyridines/Pyrimidines
P-Octopamine,p-Octopamine,440266,HMDB0004825,1-hydroxy-2-unsubstituted benzenoids,Benzenoids,Phenols,1-hydroxy-2-unsubstituted benzenoids,Other,Benzenoids_Other,Benzenoids
Palmitic acid,Palmitic acid,985,HMDB0000220,Long-chain fatty acids,Lipids and lipid-like molecules,Fatty Acyls,Fatty acids and conjugates,Fatty acids,Lipids and lipid-like molecules_Fatty acids,Lipids_Fatty acids
Palmitoleic acid,Palmitoleic acid,445638,HMDB0003229,Long-chain fatty acids,Lipids and lipid-like molecules,Fatty Acyls,Fatty acids and conjugates,Fatty acids,Lipids and lipid-like molecules_Fatty acids,Lipids_Fatty acids
Palmitoyl-carnitine,O-palmitoylcarnitine,461,HMDB0240783,Acyl carnitines,Lipids and lipid-like molecules,Fatty Acyls,Fatty acid esters,Other,Lipids and lipid-like molecules_Other,Lipids_Other
Paraxanthine,Paraxanthine,4687,HMDB0001860,Xanthines,Organoheterocyclic compounds,Imidazopyrimidines,Purines and purine derivatives,Purine,Organoheterocyclic compounds_Purine,Organoheterocyclic compounds_Purine/Pyridines/Pyrimidines
Pentadecanoic acid,Pentadecanoic acid,13849,HMDB0000826,Long-chain fatty acids,Lipids and lipid-like molecules,Fatty Acyls,Fatty acids and conjugates,Fatty acids,Lipids and lipid-like molecules_Fatty acids,Lipids_Fatty acids
Pentanoate,Valeric acid,114781,HMDB0000892,Straight chain fatty acids,Lipids and lipid-like molecules,Fatty Acyls,Fatty acids and conjugates,Fatty acids,Lipids and lipid-like molecules_Fatty acids,Lipids_Fatty acids
PEP,Phosphoenolpyruvic acid,1005,HMDB0000263,Phosphate esters,Organic acids and derivatives,Organic phosphoric acids and derivatives,Phosphate esters,Other,Organic acids and derivatives_Other,Other
Phenylacetaldehyde,Phenylacetaldehyde,998,HMDB0006236,Phenylacetaldehydes,Benzenoids,Benzene and substituted derivatives,Phenylacetaldehydes,Other,Benzenoids_Other,Benzenoids
Phenylalanine,L-Phenylalanine,6140,HMDB0000159,Phenylalanine and derivatives,Organic acids and derivatives,Carboxylic acids and derivatives,"Amino acids, peptides, and analogues",Amino acids,Organic acids and derivatives_Amino acids,Organic acids_Amino acids
Phenylethanolamine,2-Hydroxyphenethylamine,1000,HMDB0001065,Aralkylamines,Organic nitrogen compounds,Organonitrogen compounds,Amines,Other,Organic nitrogen compounds_Other,Organic nitrogen compounds
Phenylpyruvate,Phenylpyruvic acid,997,HMDB0000205,Phenylpyruvic acid derivatives,Benzenoids,Benzene and substituted derivatives,Phenylpyruvic acid derivatives,Other,Benzenoids_Other,Benzenoids
Phosphoserine,Phosphoserine,68841,HMDB0000272,L-alpha-amino acids,Organic acids and derivatives,Carboxylic acids and derivatives,"Amino acids, peptides, and analogues",Amino acids,Organic acids and derivatives_Amino acids,Organic acids_Amino acids
Picolinate,Picolinic acid,6920223,HMDB0002243,Pyridinecarboxylic acids,Organoheterocyclic compounds,Pyridines and derivatives,Pyridinecarboxylic acids and derivatives,Pyridines,Organoheterocyclic compounds_Pyridines,Organoheterocyclic compounds_Purine/Pyridines/Pyrimidines
Pipecolate,Pipecolic acid,849,HMDB0000070,Alpha amino acids,Organic acids and derivatives,Carboxylic acids and derivatives,"Amino acids, peptides, and analogues",Amino acids,Organic acids and derivatives_Amino acids,Organic acids_Amino acids
Pregnenolone Sulfate,Pregnenolone sulfate,105074,HMDB0000774,Sulfated steroids,Lipids and lipid-like molecules,Steroids and steroid derivatives,Sulfated steroids,Other,Lipids and lipid-like molecules_Other,Lipids_Other
Proline,L-Proline,145742,HMDB0000162,Proline and derivatives,Organic acids and derivatives,Carboxylic acids and derivatives,"Amino acids, peptides, and analogues",Amino acids,Organic acids and derivatives_Amino acids,Organic acids_Amino acids
Propionyl-carnitine,Propionylcarnitine,188824,HMDB0000824,Acyl carnitines,Lipids and lipid-like molecules,Fatty Acyls,Fatty acid esters,Other,Lipids and lipid-like molecules_Other,Lipids_Other
Protoporphyrin,Protoporphyrin IX,4971,HMDB0000241,Porphyrins,Organoheterocyclic compounds,Tetrapyrroles and derivatives,Porphyrins,Other,Organoheterocyclic compounds_Other,Other
Pterin,Pterin,135398660,HMDB0000802,Pterins and derivatives,Organoheterocyclic compounds,Pteridines and derivatives,Pterins and derivatives,Other,Organoheterocyclic compounds_Other,Other
Pyrazole,1H-pyrazole,1048,HMDB0256947,Pyrazoles,Organoheterocyclic compounds,Azoles,Pyrazoles,Other,Organoheterocyclic compounds_Other,Other
Pyridoxal,Pyridoxal,1050,HMDB0001545,Pyridoxals and derivatives,Organoheterocyclic compounds,Pyridines and derivatives,Pyridine carboxaldehydes,Pyridines,Organoheterocyclic compounds_Pyridines,Organoheterocyclic compounds_Purine/Pyridines/Pyrimidines
Pyridoxine,Pyridoxine,1054,HMDB0000239,Pyridoxines,Organoheterocyclic compounds,Pyridines and derivatives,Pyridoxines,Pyridines,Organoheterocyclic compounds_Pyridines,Organoheterocyclic compounds_Purine/Pyridines/Pyrimidines
Pyrocatechol,Pyrocatechol,289,HMDB0000957,Catechols,Benzenoids,Phenols,Benzenediols,Other,Benzenoids_Other,Benzenoids
Pyruvate,Pyruvic acid,107735,HMDB0000243,Alpha-keto acids and derivatives,Organic acids and derivatives,Keto acids and derivatives,Alpha-keto acids and derivatives,Keto acids,Organic acids and derivatives_Keto acids,Organic acids_Hydroxy and Keto acids
Quinate,Quinic acid,6508,HMDB0003072,Quinic acids and derivatives,Organic oxygen compounds,Organooxygen compounds,Alcohols and polyols,Other,Organic oxygen compounds_Other,Other
Quinolinate,Quinolinic acid,1066,HMDB0000232,Pyridinecarboxylic acids,Organoheterocyclic compounds,Pyridines and derivatives,Pyridinecarboxylic acids and derivatives,Pyridines,Organoheterocyclic compounds_Pyridines,Organoheterocyclic compounds_Purine/Pyridines/Pyrimidines
Quinoline,Quinoline,7047,HMDB0033731,Quinolines and derivatives,Organoheterocyclic compounds,Quinolines and derivatives,Other,Other,Organoheterocyclic compounds_Other,Other
Raffinose,Raffinose,439242,HMDB0003213,Oligosaccharides,Organic oxygen compounds,Organooxygen compounds,Carbohydrates and carbohydrate conjugates,Carbohydrates,Organic oxygen compounds_Carbohydrates,Organic oxygen compounds_Carbohydrates
Rhamnose,Rhamnose,25310,HMDB0000849,Hexoses,Organic oxygen compounds,Organooxygen compounds,Carbohydrates and carbohydrate conjugates,Carbohydrates,Organic oxygen compounds_Carbohydrates,Organic oxygen compounds_Carbohydrates
Riboflavin,Riboflavin,493570,HMDB0000244,Flavins,Organoheterocyclic compounds,Pteridines and derivatives,Alloxazines and isoalloxazines,Other,Organoheterocyclic compounds_Other,Other
Ribose,D-Ribose,10975657,HMDB0000283,Pentoses,Organic oxygen compounds,Organooxygen compounds,Carbohydrates and carbohydrate conjugates,Carbohydrates,Organic oxygen compounds_Carbohydrates,Organic oxygen compounds_Carbohydrates
Ribose phosphate,D-Ribose 5-phosphate,77982,HMDB0001548,Pentose phosphates,Organic oxygen compounds,Organooxygen compounds,Carbohydrates and carbohydrate conjugates,Carbohydrates,Organic oxygen compounds_Carbohydrates,Organic oxygen compounds_Carbohydrates
Ricinoleic acid,Ricinoleic acid,643684,HMDB0034297,Long-chain fatty acids,Lipids and lipid-like molecules,Fatty Acyls,Fatty acids and conjugates,Fatty acids,Lipids and lipid-like molecules_Fatty acids,Lipids_Fatty acids
S-Adenosyl-L-methionine,S-Adenosylmethionine,34755,HMDB0001185,5'-deoxy-5'-thionucleosides,"Nucleosides, nucleotides, and analogues",5'-deoxyribonucleosides,5'-deoxy-5'-thionucleosides,Other,"Nucleosides, nucleotides, and analogues_Other",Nucleosides
S-Hexyl-Glutathione,S-Hexyl-glutathione,97536,NA,NA,Other,Other,Other,Other,Other_Other,Other
Saccharate,Glucaric acid,33037,HMDB0000663,Glucuronic acid derivatives,Organic oxygen compounds,Organooxygen compounds,Carbohydrates and carbohydrate conjugates,Carbohydrates,Organic oxygen compounds_Carbohydrates,Organic oxygen compounds_Carbohydrates
SAICAr,SAICAR,160666,HMDB0000797,1-ribosyl-imidazolecarboxamides,"Nucleosides, nucleotides, and analogues",Imidazole ribonucleosides and ribonucleotides,1-ribosyl-imidazolecarboxamides,Other,"Nucleosides, nucleotides, and analogues_Other",Nucleosides
Salicylamide,Salicylamide,5147,HMDB0015687,1-hydroxy-4-unsubstituted benzenoids,Benzenoids,Phenols,1-hydroxy-4-unsubstituted benzenoids,Other,Benzenoids_Other,Benzenoids
Salicylate,Salicyluric acid,54675850,HMDB0000840,Hippuric acids,Benzenoids,Benzene and substituted derivatives,Benzoic acids and derivatives,Other,Benzenoids_Other,Benzenoids
Salsolinol,(R)-Salsolinol,91588,HMDB0005199,Tetrahydroisoquinolines,Organoheterocyclic compounds,Tetrahydroisoquinolines,Other,Other,Organoheterocyclic compounds_Other,Other
Sarcosine,Sarcosine,1088,HMDB0000271,Alpha amino acids,Organic acids and derivatives,Carboxylic acids and derivatives,"Amino acids, peptides, and analogues",Amino acids,Organic acids and derivatives_Amino acids,Organic acids_Amino acids
Sedoheptulose-7-phosphate,D-Sedoheptulose 7-phosphate,165007,HMDB0001068,Hexose phosphates,Organic oxygen compounds,Organooxygen compounds,Carbohydrates and carbohydrate conjugates,Carbohydrates,Organic oxygen compounds_Carbohydrates,Organic oxygen compounds_Carbohydrates
Serine,Serine,NA,HMDB0000187,Serine and derivatives,Organic acids and derivatives,Carboxylic acids and derivatives,"Amino acids, peptides, and analogues",Amino acids,Organic acids and derivatives_Amino acids,Organic acids_Amino acids
Serotonin,Serotonin,5202,HMDB0000259,Serotonins,Organoheterocyclic compounds,Indoles and derivatives,Tryptamines and derivatives,Indoles,Organoheterocyclic compounds_Indoles,Organoheterocyclic compounds_Indoles
Shikimate,Shikimic acid,8742,HMDB0003070,Shikimic acids and derivatves,Organic oxygen compounds,Organooxygen compounds,Alcohols and polyols,Other,Organic oxygen compounds_Other,Other
Sn-Glycero-3-Phosphocholine,Glycerophosphocholine,657272,HMDB0000086,Glycerophosphocholines,Lipids and lipid-like molecules,Glycerophospholipids,Glycerophosphocholines,Other,Lipids and lipid-like molecules_Other,Lipids_Other
Sorbate,"(2E,4E)-2,4-Hexadienoic acid",1549237,HMDB0029581,Medium-chain fatty acids,Lipids and lipid-like molecules,Fatty Acyls,Fatty acids and conjugates,Fatty acids,Lipids and lipid-like molecules_Fatty acids,Lipids_Fatty acids
Sphinganine,Sphinganine,91486,HMDB0000269,"1,2-aminoalcohols",Organic nitrogen compounds,Organonitrogen compounds,Amines,Other,Organic nitrogen compounds_Other,Organic nitrogen compounds
Sphingomyelin,SM(d18:1/18:0),7,HMDB0001348,Phosphosphingolipids,Lipids and lipid-like molecules,Sphingolipids,Phosphosphingolipids,Other,Lipids and lipid-like molecules_Other,Lipids_Other
Stachydrine,Stachydrine,115244,HMDB0004827,Proline and derivatives,Organic acids and derivatives,Carboxylic acids and derivatives,"Amino acids, peptides, and analogues",Amino acids,Organic acids and derivatives_Amino acids,Organic acids_Amino acids
Stachyose,Stachyose,439531,HMDB0003553,Oligosaccharides,Organic oxygen compounds,Organooxygen compounds,Carbohydrates and carbohydrate conjugates,Carbohydrates,Organic oxygen compounds_Carbohydrates,Organic oxygen compounds_Carbohydrates
Stearic acid,Stearic acid,5281,HMDB0000827,Long-chain fatty acids,Lipids and lipid-like molecules,Fatty Acyls,Fatty acids and conjugates,Fatty acids,Lipids and lipid-like molecules_Fatty acids,Lipids_Fatty acids
Suberate,Suberic acid,5249080,HMDB0000893,Medium-chain fatty acids,Lipids and lipid-like molecules,Fatty Acyls,Fatty acids and conjugates,Fatty acids,Lipids and lipid-like molecules_Fatty acids,Lipids_Fatty acids
Succinic Acid,Succinic acid,1110,HMDB0000254,Dicarboxylic acids and derivatives,Organic acids and derivatives,Carboxylic acids and derivatives,Dicarboxylic acids and derivatives,Carboxylic acids,Organic acids and derivatives_Carboxylic acids,Organic acids and derivatives_Carboxylic acids
Succinyladenosine,Succinyladenosine,20849086,HMDB0000912,Purine nucleosides,"Nucleosides, nucleotides, and analogues",Purine nucleosides,Other,Purine,"Nucleosides, nucleotides, and analogues_Purine",Nucleosides
Sucrose,Sucrose,5988,HMDB0000258,O-glycosyl compounds,Organic oxygen compounds,Organooxygen compounds,Carbohydrates and carbohydrate conjugates,Carbohydrates,Organic oxygen compounds_Carbohydrates,Organic oxygen compounds_Carbohydrates
Tartrate,Tartaric acid,875,HMDB0000956,Sugar acids and derivatives,Organic oxygen compounds,Organooxygen compounds,Carbohydrates and carbohydrate conjugates,Carbohydrates,Organic oxygen compounds_Carbohydrates,Organic oxygen compounds_Carbohydrates
Taurine,Taurine,1123,HMDB0000251,Organosulfonic acids,Organic acids and derivatives,Organic sulfonic acids and derivatives,Organosulfonic acids and derivatives,Other,Organic acids and derivatives_Other,Other
Tetradecanoylcarnitine,Tetradecanoylcarnitine,53477791,HMDB0005066,Acyl carnitines,Lipids and lipid-like molecules,Fatty Acyls,Fatty acid esters,Other,Lipids and lipid-like molecules_Other,Lipids_Other
Tetrahydrofolate,Tetrahydrofolic acid,135444742,HMDB0001846,Xanthines,Organoheterocyclic compounds,Imidazopyrimidines,Purines and purine derivatives,Purine,Organoheterocyclic compounds_Purine,Organoheterocyclic compounds_Purine/Pyridines/Pyrimidines
Theophylline,Theophylline,2153,HMDB0001889,Xanthines,Organoheterocyclic compounds,Imidazopyrimidines,Purines and purine derivatives,Purine,Organoheterocyclic compounds_Purine,Organoheterocyclic compounds_Purine/Pyridines/Pyrimidines
Thiamine,Thiamine,1130,HMDB0000235,Thiamines,Organoheterocyclic compounds,Diazines,Pyrimidines and pyrimidine derivatives,Pyrimidines,Organoheterocyclic compounds_Pyrimidines,Organoheterocyclic compounds_Purine/Pyridines/Pyrimidines
Thiamine Monophosphate,Thiamine monophosphate,1131,HMDB0002666,Thiamine phosphates,Organoheterocyclic compounds,Diazines,Pyrimidines and pyrimidine derivatives,Pyrimidines,Organoheterocyclic compounds_Pyrimidines,Organoheterocyclic compounds_Purine/Pyridines/Pyrimidines
Thiopurine S-Methylether,6-Mercaptopurine ribonucleoside triphosphate,5778,HMDB0060411,Purine ribonucleoside triphosphates,"Nucleosides, nucleotides, and analogues",Purine nucleotides,Purine ribonucleotides,Purine,"Nucleosides, nucleotides, and analogues_Purine",Nucleosides
Threitol,D-Threitol,169019,HMDB0004136,Sugar alcohols,Organic oxygen compounds,Organooxygen compounds,Carbohydrates and carbohydrate conjugates,Carbohydrates,Organic oxygen compounds_Carbohydrates,Organic oxygen compounds_Carbohydrates
Threonine,L-Threonine,6288,HMDB0000167,L-alpha-amino acids,Organic acids and derivatives,Carboxylic acids and derivatives,"Amino acids, peptides, and analogues",Amino acids,Organic acids and derivatives_Amino acids,Organic acids_Amino acids
Thymidine,Thymidine,5789,HMDB0000273,Pyrimidine 2'-deoxyribonucleosides,"Nucleosides, nucleotides, and analogues",Pyrimidine nucleosides,Pyrimidine 2'-deoxyribonucleosides,Other,"Nucleosides, nucleotides, and analogues_Other",Nucleosides
Thymine,Thymine,1135,HMDB0000262,Hydroxypyrimidines,Organoheterocyclic compounds,Diazines,Pyrimidines and pyrimidine derivatives,Pyrimidines,Organoheterocyclic compounds_Pyrimidines,Organoheterocyclic compounds_Purine/Pyridines/Pyrimidines
Thyrotropin Releasing Hormone,Thyrotropin releasing hormone,638678,HMDB0060080,Estrogens and derivatives,Lipids and lipid-like molecules,Steroids and steroid derivatives,Estrane steroids,Other,Lipids and lipid-like molecules_Other,Lipids_Other
TMP,5-Thymidylic acid,9700,HMDB0001227,Pyrimidine 2'-deoxyribonucleoside monophosphates,"Nucleosides, nucleotides, and analogues",Pyrimidine nucleotides,Pyrimidine deoxyribonucleotides,Other,"Nucleosides, nucleotides, and analogues_Other",Nucleosides
trans-3-Hexenoic acid,Hydrosorbic acid,5282708,HMDB0031501,Medium-chain fatty acids,Lipids and lipid-like molecules,Fatty Acyls,Fatty acids and conjugates,Fatty acids,Lipids and lipid-like molecules_Fatty acids,Lipids_Fatty acids
Trans-4-Hydroxy-L-Proline,4-Hydroxyproline,5810,HMDB0000725,Proline and derivatives,Organic acids and derivatives,Carboxylic acids and derivatives,"Amino acids, peptides, and analogues",Amino acids,Organic acids and derivatives_Amino acids,Organic acids_Amino acids
"trans,trans-Muconic acid",3-Hexenedioic acid,5356793,HMDB0000393,Medium-chain fatty acids,Lipids and lipid-like molecules,Fatty Acyls,Fatty acids and conjugates,Fatty acids,Lipids and lipid-like molecules_Fatty acids,Lipids_Fatty acids
Trehalose,Trehalose,7427,HMDB0000975,O-glycosyl compounds,Organic oxygen compounds,Organooxygen compounds,Carbohydrates and carbohydrate conjugates,Carbohydrates,Organic oxygen compounds_Carbohydrates,Organic oxygen compounds_Carbohydrates
Tricosanoic acid,Tricosanoic acid,17085,HMDB0001160,Very long-chain fatty acids,Lipids and lipid-like molecules,Fatty Acyls,Fatty acids and conjugates,Fatty acids,Lipids and lipid-like molecules_Fatty acids,Lipids_Fatty acids
Tridecanoic acid,Tridecanoic acid,12530,HMDB0000910,Long-chain fatty acids,Lipids and lipid-like molecules,Fatty Acyls,Fatty acids and conjugates,Fatty acids,Lipids and lipid-like molecules_Fatty acids,Lipids_Fatty acids
Trigonelline,Trigonelline,5570,HMDB0000875,Alkaloids and derivatives,Alkaloids and derivatives,Other,Other,Other,Alkaloids and derivatives_Other,Other
Trimethyllysine,delta-Trimethyllysine,440121,HMDB0001325,L-alpha-amino acids,Organic acids and derivatives,Carboxylic acids and derivatives,"Amino acids, peptides, and analogues",Amino acids,Organic acids and derivatives_Amino acids,Organic acids_Amino acids
Tryptamine,Tryptamine,1150,HMDB0000303,Tryptamines and derivatives,Organoheterocyclic compounds,Indoles and derivatives,Tryptamines and derivatives,Indoles,Organoheterocyclic compounds_Indoles,Organoheterocyclic compounds_Indoles
Tryptophan,L-Tryptophan,6305,HMDB0000929,Indolyl carboxylic acids and derivatives,Organoheterocyclic compounds,Indoles and derivatives,Indolyl carboxylic acids and derivatives,Indoles,Organoheterocyclic compounds_Indoles,Organoheterocyclic compounds_Indoles
Tryptophanamide,Tryptophanamide,439356,HMDB0013318,Tryptamines and derivatives,Organoheterocyclic compounds,Indoles and derivatives,Tryptamines and derivatives,Indoles,Organoheterocyclic compounds_Indoles,Organoheterocyclic compounds_Indoles
Tyramine,Tyramine,5610,HMDB0000306,Phenethylamines,Benzenoids,Benzene and substituted derivatives,Phenethylamines,Other,Benzenoids_Other,Benzenoids
Tyrosine,L-Tyrosine,6057,HMDB0000158,Tyrosine and derivatives,Organic acids and derivatives,Carboxylic acids and derivatives,"Amino acids, peptides, and analogues",Amino acids,Organic acids and derivatives_Amino acids,Organic acids_Amino acids
UDP,Uridine 5'-diphosphate,6031,HMDB0000295,Pyrimidine ribonucleoside diphosphates,"Nucleosides, nucleotides, and analogues",Pyrimidine nucleotides,Pyrimidine ribonucleotides,Other,"Nucleosides, nucleotides, and analogues_Other",Nucleosides
UMP,Uridine 5'-monophosphate,6030,HMDB0000288,Pyrimidine ribonucleoside monophosphates,"Nucleosides, nucleotides, and analogues",Pyrimidine nucleotides,Pyrimidine ribonucleotides,Other,"Nucleosides, nucleotides, and analogues_Other",Nucleosides
Undecanoic acid,Undecanoic acid,8180,HMDB0000947,Medium-chain fatty acids,Lipids and lipid-like molecules,Fatty Acyls,Fatty acids and conjugates,Fatty acids,Lipids and lipid-like molecules_Fatty acids,Lipids_Fatty acids
Uracil,Uracil,1174,HMDB0000300,Pyrimidones,Organoheterocyclic compounds,Diazines,Pyrimidines and pyrimidine derivatives,Pyrimidines,Organoheterocyclic compounds_Pyrimidines,Organoheterocyclic compounds_Purine/Pyridines/Pyrimidines
Urate,Uric acid,1175,HMDB0000289,Xanthines,Organoheterocyclic compounds,Imidazopyrimidines,Purines and purine derivatives,Purine,Organoheterocyclic compounds_Purine,Organoheterocyclic compounds_Purine/Pyridines/Pyrimidines
Ureidopropionate,Ureidopropionic acid,111,HMDB0000026,Ureas,Organic acids and derivatives,Organic carbonic acids and derivatives,Ureas,Other,Organic acids and derivatives_Other,Other
Uridine,Uridine,6029,HMDB0000296,Pyrimidine nucleosides,"Nucleosides, nucleotides, and analogues",Pyrimidine nucleosides,Other,Other,"Nucleosides, nucleotides, and analogues_Other",Nucleosides
Urocanate,Urocanic acid,736715,HMDB0000301,Imidazolyl carboxylic acids and derivatives,Organoheterocyclic compounds,Azoles,Imidazoles,Other,Organoheterocyclic compounds_Other,Other
Valine,L-Valine,6287,HMDB0000883,Valine and derivatives,Organic acids and derivatives,Carboxylic acids and derivatives,"Amino acids, peptides, and analogues",Amino acids,Organic acids and derivatives_Amino acids,Organic acids_Amino acids
Xanthine,Xanthine,1188,HMDB0000292,Xanthines,Organoheterocyclic compounds,Imidazopyrimidines,Purines and purine derivatives,Purine,Organoheterocyclic compounds_Purine,Organoheterocyclic compounds_Purine/Pyridines/Pyrimidines
Xanthosine,Xanthosine,64959,HMDB0000299,Purine nucleosides,"Nucleosides, nucleotides, and analogues",Purine nucleosides,Other,Purine,"Nucleosides, nucleotides, and analogues_Purine",Nucleosides
Xanthurenate,Xanthurenic acid,5699,HMDB0000881,Quinoline carboxylic acids,Organoheterocyclic compounds,Quinolines and derivatives,Quinoline carboxylic acids,Other,Organoheterocyclic compounds_Other,Other
Ximeninic Acid,Ximenynic acid,5312688,HMDB0255892,Long-chain fatty acids,Lipids and lipid-like molecules,Fatty Acyls,Fatty acids and conjugates,Fatty acids,Lipids and lipid-like molecules_Fatty acids,Lipids_Fatty acids
Xylitol,Xylitol,6912,HMDB0002917,Sugar alcohols,Organic oxygen compounds,Organooxygen compounds,Carbohydrates and carbohydrate conjugates,Carbohydrates,Organic oxygen compounds_Carbohydrates,Organic oxygen compounds_Carbohydrates
Xylose,D-Xylose,135191,HMDB0000098,Pentoses,Organic oxygen compounds,Organooxygen compounds,Carbohydrates and carbohydrate conjugates,Carbohydrates,Organic oxygen compounds_Carbohydrates,Organic oxygen compounds_Carbohydrates